location_p,pokemon,min_level,max_level
1,72,20,30
1,278,20,30
1,73,20,40
1,279,20,40
1,129,3,25
1,456,10,25
1,130,30,55
1,457,20,55
1,120,20,50
2,54,20,40
2,55,20,40
2,129,3,25
2,339,10,25
2,130,30,55
2,340,20,55
3,72,20,30
3,278,20,30
3,73,20,40
3,279,20,40
3,129,3,25
3,223,10,25
3,130,30,55
3,224,20,55
4,73,30,50
4,279,30,50
4,458,30,45
4,129,3,25
4,223,10,25
4,130,30,55
4,224,20,55
4,120,20,50
5,279,30,50
5,73,30,50
5,129,3,25
5,223,10,25
5,130,30,55
5,224,20,55
5,370,20,30
6,74,4,9
6,41,5,7
6,95,6,8
7,74,5,10
7,41,6,8
7,95,7,9
8,418,7,11
8,309,7,10
8,417,7,11
8,422,7,30
8,399,8,8
8,179,7,12
8,239,9,9
8,72,20,30
8,278,20,30
8,73,20,40
8,279,20,40
8,129,3,25
8,456,10,25
8,130,30,55
8,457,30,55
8,90,20,50
9,265,10,11
9,287,10,11
9,266,10,12
9,198,10,11
9,406,10,12
9,427,10,13
9,290,10,14
9,273,12,13
9,204,12,13
9,11,12,13
9,14,12,13
9,267,12,14
10,419,29,31
10,81,28,30
10,422,20,30
10,403,28,28
10,278,20,30
10,404,29,29
10,304,29,31
10,423,20,40
10,417,29,29
10,72,20,30
10,73,20,40
10,279,20,40
10,129,3,25
10,456,10,25
10,130,30,55
10,457,20,55
10,90,20,50
11,66,15,20
11,74,14,19
11,173,14,14
11,41,14,40
11,307,15,20
11,433,15,19
11,42,20,40
11,129,3,25
11,339,10,25
11,130,20,55
11,340,20,55
12,437,37,38
12,75,36,38
12,67,37,39
12,35,36,38
12,308,37,39
12,42,37,38
12,433,36,38
12,436,36,36
12,338,36,38
12,337,36,38
13,437,37,38
13,75,36,38
13,67,37,39
13,35,36,38
13,308,37,39
13,42,37,38
13,433,36,38
13,436,36,36
13,338,36,38
13,337,36,38
14,459,36,38
14,460,38,40
14,308,38,40
14,42,38,39
14,67,39,40
14,164,39,39
14,294,39,40
14,433,37,40
14,437,39,40
14,338,38,39
14,337,38,39
14,35,38,39
15,459,36,38
15,460,38,40
15,308,38,40
15,42,38,39
15,67,39,40
15,164,39,39
15,294,39,40
15,433,37,40
15,437,39,40
15,338,38,39
15,337,38,39
15,35,38,39
16,437,37,40
16,75,36,38
16,67,39,39
16,35,36,40
16,308,37,39
16,42,20,40
16,433,36,40
16,338,38,39
16,337,38,39
16,41,20,40
16,129,3,25
16,339,10,25
16,130,30,55
16,147,15,25
16,148,15,55
17,437,37,40
17,75,36,38
17,67,39,39
17,35,36,40
17,308,37,39
17,42,37,39
17,433,36,40
17,358,39,40
17,338,38,39
17,337,38,39
18,437,37,42
18,75,36,40
18,67,39,41
18,35,36,42
18,308,37,41
18,42,37,41
18,358,39,42
18,338,38,41
18,337,38,41
19,437,37,42
19,75,36,40
19,67,39,41
19,35,36,42
19,308,37,41
19,42,37,41
19,358,39,42
19,338,38,41
19,337,38,41
20,75,36,40
20,67,39,40
20,35,36,40
20,308,37,40
20,42,37,39
20,433,36,40
20,437,39,40
20,338,38,40
20,337,38,40
21,307,31,35
21,75,31,34
21,35,30,32
21,42,31,34
21,67,31,35
21,433,30,34
22,307,13,16
22,74,12,15
22,173,12,14
22,41,12,15
22,66,13,16
22,433,13,15
23,307,31,35
23,75,31,34
23,35,30,32
23,42,20,40
23,67,31,35
23,433,30,34
23,41,20,40
23,129,3,25
23,339,10,25
23,130,30,55
23,340,20,55
24,194,20,30
24,400,25,28
24,406,24,24
24,163,24,24
24,396,26,26
24,164,26,30
24,183,20,30
24,195,20,40
24,54,20,40
24,24,24,30
24,399,26,26
24,298,24,24
24,129,3,25
24,339,10,25
24,130,15,55
24,340,20,55
24,318,15,55
25,194,20,30
25,400,25,28
25,406,24,24
25,163,24,24
25,396,26,26
25,164,26,30
25,183,20,30
25,195,20,40
25,54,20,40
25,24,24,30
25,399,26,26
25,298,24,24
25,129,3,25
25,339,10,25
25,130,15,55
25,340,20,55
25,318,15,55
26,194,20,30
26,400,23,28
26,406,22,22
26,163,22,27
26,396,24,24
26,183,20,30
26,195,20,40
26,54,20,40
26,24,22,29
26,399,24,24
26,298,22,22
26,129,3,25
26,339,10,25
26,130,15,55
26,340,20,55
26,318,15,55
27,194,20,30
27,400,23,28
27,406,22,22
27,163,22,27
27,396,24,24
27,183,20,30
27,195,20,40
27,54,20,40
27,24,22,29
27,399,24,24
27,298,22,22
27,129,3,25
27,339,10,25
27,130,15,55
27,340,20,55
27,318,15,55
28,194,20,30
28,400,21,27
28,406,20,20
28,163,20,27
28,396,22,22
28,183,21,22
28,195,20,40
28,399,22,22
28,24,20,28
28,298,20,20
29,194,20,30
29,400,21,27
29,406,20,20
29,163,20,27
29,396,22,22
29,183,20,30
29,195,20,40
29,54,20,40
29,24,20,28
29,399,22,22
29,298,20,20
29,129,3,25
29,339,10,25
29,130,15,55
29,340,20,55
29,318,15,55
30,201,14,30
31,201,14,30
32,201,14,30
33,201,14,30
34,201,14,30
35,201,14,30
36,201,14,30
37,201,14,30
38,201,14,30
39,201,14,30
40,201,14,30
41,201,14,30
42,201,14,30
43,201,14,30
44,201,14,30
45,201,14,30
46,201,14,30
47,201,14,30
48,67,44,46
48,75,40,45
48,308,44,46
48,42,42,46
48,95,41,44
48,208,42,46
49,64,45,47
49,75,41,46
49,308,45,47
49,42,41,47
49,95,42,45
49,208,42,47
50,67,44,46
50,419,30,50
50,308,44,46
50,42,30,50
50,208,44,46
50,129,3,25
50,130,20,55
51,67,50,52
51,419,35,55
51,308,50,52
51,42,40,55
51,208,52,52
51,131,35,60
51,129,3,25
51,130,20,55
52,67,50,52
52,75,47,51
52,308,50,52
52,42,49,52
52,95,48,50
52,208,50,52
53,67,50,52
53,75,47,51
53,308,50,52
53,42,49,52
53,95,48,50
53,208,50,52
54,41,3,30
54,74,5,5
54,54,4,30
54,42,20,40
54,55,20,40
54,129,3,25
54,339,10,25
54,130,30,55
54,340,20,55
55,74,4,8
55,41,5,8
56,41,6,30
56,54,8,30
56,74,6,9
56,42,10,40
56,55,20,40
56,129,3,25
56,339,10,25
56,130,30,55
56,340,20,55
57,323,53,55
57,112,54,55
57,22,51,55
57,354,54,54
57,75,51,56
57,42,51,54
57,324,24,55
57,110,52,55
57,227,53,56
57,322,22,51
57,207,22,22
57,240,22,22
57,111,22,52
58,75,51,55
58,219,54,56
58,42,52,54
58,67,56,56
58,110,51,56
58,95,54,54
58,323,56,56
58,74,25,27
58,240,25,25
58,218,25,52
59,75,52,57
59,219,53,58
59,42,53,56
59,67,58,58
59,110,52,58
59,95,56,56
59,323,58,58
59,74,27,29
59,240,27,27
59,218,27,53
60,400,37,54
60,397,38,54
60,164,53,54
60,55,20,55
60,358,52,54
60,338,39,52
60,337,39,52
60,129,3,25
60,118,10,25
60,130,30,55
60,119,20,55
61,42,17,56
61,437,55,56
61,93,54,56
61,436,15,54
61,338,18,56
61,337,18,56
62,42,37,56
62,437,35,56
62,93,35,56
62,436,54,54
62,338,38,56
62,337,38,56
63,42,37,56
63,437,35,56
63,93,35,56
63,436,54,54
63,338,37,56
63,337,37,56
64,42,17,46
64,437,45,46
64,93,44,46
64,436,15,44
64,338,18,46
64,337,18,46
70,42,25,56
70,437,55,56
70,93,25,56
70,436,25,54
70,338,28,56
70,337,28,56
76,42,37,66
76,437,35,66
76,93,35,66
76,436,64,64
76,338,38,66
76,337,38,66
82,42,45,56
82,437,45,56
82,93,45,56
82,436,54,54
82,338,45,56
82,337,45,56
107,42,47,52
107,215,49,52
107,75,52,52
107,95,50,52
107,208,52,52
108,42,47,54
108,215,49,54
108,75,54,54
108,208,53,54
108,95,52,53
109,42,47,54
109,215,50,54
109,75,54,54
109,208,53,54
109,95,52,53
110,42,47,54
110,215,50,54
110,75,54,54
110,208,53,54
110,95,52,53
111,42,47,56
111,215,51,56
111,75,56,56
111,208,54,56
112,42,47,56
112,215,51,56
112,75,56,56
112,208,54,56
113,436,14,20
113,41,14,19
113,74,15,20
113,27,16,18
114,436,15,20
114,41,15,19
114,74,16,20
114,443,15,20
114,27,16,20
115,74,21,23
115,449,22,24
116,74,22,24
116,449,22,25
117,74,23,25
117,449,22,26
118,397,16,24
118,315,16,23
118,172,16,22
118,402,16,23
118,25,18,24
119,72,20,30
119,278,20,30
119,73,20,40
119,279,20,40
119,129,3,25
119,456,10,25
119,130,30,55
119,457,20,55
119,211,20,50
120,74,29,32
120,75,31,33
120,41,30,30
120,42,31,32
120,95,31,33
121,75,29,33
121,42,30,32
121,95,31,33
121,303,30,33
121,302,30,33
121,74,31,31
122,75,29,33
122,42,30,32
122,95,31,33
122,303,30,33
122,302,30,33
122,74,31,31
123,75,29,34
123,95,31,33
123,42,30,33
123,303,31,33
123,302,31,33
123,74,31,31
124,75,30,34
124,95,32,33
124,42,31,33
124,208,33,35
124,303,31,34
124,302,31,34
124,74,32,32
125,75,30,34
125,95,32,33
125,42,31,33
125,208,32,35
125,303,31,34
125,302,31,34
125,74,32,32
126,92,12,17
126,93,16,16
127,92,12,17
127,93,16,16
128,92,12,17
128,93,16,16
129,92,12,17
129,93,16,16
130,92,12,17
130,93,16,16
131,92,12,17
131,93,16,16
132,92,12,17
132,93,16,16
133,92,12,17
133,94,16,17
133,93,16,16
134,92,12,17
134,93,16,16
135,396,2,4
135,283,2,2
135,399,2,4
135,202,3,4
135,338,4,4
135,337,4,4
135,400,4,4
135,397,4,4
135,54,20,40
135,55,20,40
135,129,3,25
135,118,10,25
135,130,30,55
135,119,20,55
136,396,2,4
136,283,2,2
136,399,2,4
136,202,3,4
136,338,4,4
136,337,4,4
136,400,4,4
136,397,4,4
136,54,20,40
136,55,20,40
136,129,3,25
136,118,10,25
136,130,30,55
136,119,20,55
137,400,34,41
137,108,34,36
137,397,34,40
137,164,34,36
137,54,20,40
137,202,35,41
137,433,35,36
137,338,35,41
137,337,35,41
137,55,20,41
137,129,3,25
137,118,10,25
137,130,30,55
137,119,20,55
138,400,34,40
138,238,35,35
138,215,35,41
138,164,34,36
138,54,20,40
138,202,34,36
138,433,34,36
138,338,34,41
138,337,34,41
138,217,34,36
138,55,20,40
138,129,3,25
138,118,10,25
138,130,30,55
138,119,20,55
139,203,21,28
139,74,20,20
139,397,21,28
139,402,21,27
139,75,21,22
139,400,21,27
139,30,21,28
139,33,21,28
140,459,32,35
140,215,33,35
140,307,35,35
140,41,35,35
140,67,35,36
140,164,35,35
140,308,35,36
140,361,32,36
140,216,36,36
141,396,2,3
141,84,2,2
141,399,2,3
141,29,2,3
141,58,2,2
141,32,2,3
142,403,3,4
142,263,3,3
142,399,2,4
142,396,2,4
142,401,3,4
142,161,2,4
142,58,2,2
143,396,4,7
143,104,4,4
143,403,4,5
143,41,4,5
143,401,4,5
143,399,4,7
143,280,4,6
143,63,4,5
143,273,5,6
143,270,5,6
143,204,5,6
143,281,6,6
143,54,20,40
143,55,20,40
143,129,3,25
143,118,10,25
143,130,30,55
143,119,20,55
144,396,4,6
144,399,4,6
144,406,3,5
144,41,3,4
144,401,3,4
144,280,4,6
144,403,4,5
144,273,5,6
144,270,5,6
144,204,5,6
144,10,5,6
144,13,5,6
144,281,6,6
144,54,20,40
144,55,20,40
144,129,3,25
144,118,10,25
144,130,30,55
144,119,20,55
145,396,6,11
145,399,6,11
145,406,6,10
145,41,6,8
145,401,6,9
145,191,6,11
145,403,6,10
145,273,8,10
145,270,8,10
145,204,8,10
145,54,20,40
145,55,20,40
145,129,3,25
145,118,10,25
145,130,30,55
145,119,20,55
146,418,8,11
146,422,8,30
146,399,9,10
146,187,9,12
146,417,9,11
146,239,10,10
146,72,20,30
146,278,20,30
146,73,20,40
146,279,20,40
146,129,3,25
146,456,10,25
146,130,30,55
146,457,20,55
146,90,20,50
147,418,10,12
147,399,10,14
147,422,11,11
147,187,11,11
147,417,11,11
147,270,12,14
147,188,12,12
147,54,20,40
147,55,20,40
147,129,3,25
147,339,10,25
147,130,30,55
147,340,20,55
148,77,14,17
148,299,14,14
148,434,14,16
148,41,15,17
148,401,14,14
148,402,14,18
148,74,14,18
148,343,14,19
148,436,15,15
148,207,15,18
149,66,5,8
149,231,5,7
149,74,5,7
149,41,5,6
149,401,5,6
149,246,6,7
149,207,7,7
150,54,16,40
150,206,16,18
150,399,16,18
150,307,16,17
150,41,16,19
150,66,16,17
150,236,17,18
150,400,17,20
150,335,18,20
150,336,18,20
150,55,20,40
150,129,3,25
150,339,10,25
150,130,30,55
150,340,20,50
151,396,16,16
151,209,16,19
151,400,16,19
151,439,16,16
151,397,16,19
151,92,16,16
151,41,16,19
151,128,16,17
151,113,16,19
151,37,16,19
151,241,16,17
151,54,20,40
151,55,20,40
151,129,3,25
151,118,10,25
151,130,30,55
151,119,20,55
152,92,16,20
152,41,16,19
152,198,17,17
153,92,17,20
153,41,17,19
153,198,18,18
154,92,18,21
154,41,18,20
154,198,19,19
154,42,19,21
155,92,18,21
155,41,18,21
155,198,20,20
155,42,20,21
156,92,19,22
156,41,19,21
156,198,21,21
156,42,21,23
157,77,18,21
157,74,18,19
157,439,18,20
157,402,18,19
157,128,19,21
157,113,18,21
157,273,18,21
157,204,18,21
157,274,19,20
157,241,19,21
158,54,20,40
158,400,24,28
158,307,24,29
158,163,24,27
158,66,25,29
158,164,25,27
158,352,25,26
158,67,26,30
158,335,26,30
158,336,26,30
158,55,20,40
158,129,3,25
158,339,10,25
158,130,30,55
158,340,20,55
159,307,12,15
159,399,12,14
159,41,12,14
159,163,14,15
159,74,13,13
159,236,12,16
159,77,13,13
159,433,13,16
159,216,12,16
160,307,27,29
160,75,27,28
160,77,26,28
160,41,26,28
160,67,27,30
160,164,28,29
160,333,27,28
160,433,27,30
160,216,27,28
161,396,16,16
161,406,16,16
161,397,17,23
161,402,17,18
161,315,16,24
161,235,16,24
161,54,20,40
161,55,20,40
161,129,3,25
161,118,10,25
161,130,30,55
161,119,20,55
162,194,18,40
162,400,18,20
162,315,18,20
162,402,18,19
162,88,18,26
162,271,20,23
162,23,18,26
162,270,18,26
162,195,20,40
162,129,3,25
162,339,10,25
162,130,30,55
162,340,20,50
163,418,20,25
163,359,20,20
163,422,20,30
163,278,20,30
163,277,20,26
163,419,22,22
163,72,20,30
163,73,20,40
163,279,20,40
163,129,3,25
163,223,10,25
163,130,30,55
163,224,20,55
163,319,40,55
164,77,23,24
164,325,21,23
164,74,21,22
164,402,23,24
164,75,22,24
164,434,23,24
164,262,23,24
164,203,24,24
164,207,24,24
164,37,24,24
164,54,20,40
164,55,20,40
164,129,3,25
164,118,10,25
164,130,30,55
164,119,20,55
165,77,21,22
165,96,19,21
165,74,20,22
165,402,20,22
165,63,19,20
165,262,20,22
165,64,20,22
165,207,22,22
166,459,32,35
166,225,32,32
166,215,32,35
166,307,32,34
166,41,32,33
166,67,33,34
166,164,33,33
166,361,33,34
166,75,33,35
166,217,33,35
167,459,32,35
167,220,32,34
167,215,33,35
167,307,35,35
167,41,35,35
167,67,35,36
167,164,35,35
167,308,35,36
167,361,33,36
167,217,35,36
168,419,28,31
168,100,28,29
168,422,20,30
168,423,20,40
168,122,29,31
168,132,29,30
168,278,20,30
168,72,20,30
168,73,20,40
168,279,20,40
168,129,3,25
168,456,10,25
168,130,30,55
168,457,20,55
169,72,20,30
169,278,20,30
169,73,20,40
169,279,20,40
169,129,3,25
169,456,10,25
169,130,30,55
169,457,20,55
169,366,20,30
170,419,28,31
170,83,28,29
170,434,28,28
170,315,28,30
170,422,28,28
170,435,29,30
170,30,29,30
170,278,20,30
170,423,28,30
170,33,29,31
170,72,20,30
170,73,20,40
170,279,20,40
170,129,3,25
170,456,10,25
170,130,30,55
170,457,20,55
170,366,20,30
171,419,38,42
171,300,39,40
171,423,40,42
171,441,38,41
171,122,41,42
171,180,38,42
171,278,20,41
171,72,20,40
171,73,20,50
171,279,20,50
171,129,3,25
171,223,10,25
171,130,30,55
171,224,20,55
171,319,40,55
172,419,50,54
172,177,50,53
172,423,35,55
172,441,52,54
172,315,50,54
172,356,52,54
172,44,51,53
172,70,51,53
172,418,23,23
172,213,23,52
172,267,23,52
172,422,23,23
172,355,23,23
172,279,35,55
172,73,35,55
172,129,3,25
172,223,10,25
172,130,30,55
172,224,20,55
172,370,20,30
173,22,48,52
173,296,48,51
173,20,49,52
173,354,48,52
173,57,49,52
173,435,51,51
173,67,48,51
173,315,51,51
173,21,20,47
173,19,20,47
173,56,22,47
173,55,35,55
173,61,30,55
173,129,3,25
173,60,10,25
173,130,30,55
174,323,53,55
174,327,53,55
174,112,54,55
174,22,51,55
174,354,54,54
174,75,51,56
174,42,51,54
174,324,24,55
174,110,52,55
174,227,53,56
174,322,22,51
174,207,22,22
174,240,22,22
174,111,22,52
174,61,35,55
174,60,20,45
174,129,3,25
174,339,10,25
174,130,30,55
174,340,20,55
175,51,50,54
175,374,51,53
175,332,50,53
175,450,50,54
175,112,50,53
175,329,53,54
175,50,23,49
175,28,23,50
175,331,23,50
175,328,25,25
175,61,35,55
175,60,20,45
175,129,3,25
175,339,10,25
175,130,30,55
175,340,20,55
176,70,51,52
176,16,47,51
176,44,51,52
176,166,50,52
176,168,50,52
176,314,49,50
176,49,49,50
176,315,48,50
176,123,52,52
176,313,49,50
176,69,20,22
176,274,20,48
176,271,20,48
176,204,20,48
176,43,20,22
176,48,22,48
176,278,40,55
176,279,45,55
176,129,3,25
176,130,20,55
177,54,20,40
177,55,20,40
177,129,3,25
177,118,10,35
177,130,30,55
177,119,20,55
178,54,20,40
178,55,20,40
178,129,3,25
178,339,10,25
178,130,30,55
178,341,30,40
178,340,40,55
178,342,35,55
179,55,35,55
179,129,1,100
179,118,10,25
179,130,30,55
179,119,20,50
180,72,20,30
180,278,20,30
180,73,20,40
180,279,20,40
180,129,3,25
180,456,10,25
180,130,30,55
180,170,15,50
180,457,25,55
180,171,20,45
181,73,30,50
181,279,30,50
181,458,30,45
181,129,3,25
181,223,10,25
181,130,30,55
181,320,30,40
181,224,20,55
181,321,35,55
182,22,48,53
182,98,48,52
182,20,49,52
182,354,48,53
182,57,49,53
182,67,48,53
182,55,51,53
182,21,20,22
182,19,20,47
182,56,22,47
182,279,35,55
182,86,35,45
182,73,35,55
182,87,40,55
182,129,3,25
182,116,10,25
182,130,30,55
182,117,30,55
182,369,20,50
183,70,49,50
183,222,48,50
183,44,49,50
183,55,52,52
183,267,51,51
183,69,18,47
183,175,18,50
183,43,18,47
183,419,48,52
183,423,51,51
183,279,35,55
183,86,35,45
183,73,35,55
183,87,40,55
183,129,3,25
183,223,10,25
183,130,30,55
183,320,30,40
183,224,20,55
183,321,35,55
9,268,10,12
9,200,10,11
9,269,12,14
10,187,29,29
10,188,30,30
147,79,11,15
149,234,5,7
151,438,16,16
152,200,17,17
153,200,18,18
154,200,19,19
155,200,20,20
156,200,21,21
157,438,18,20
158,371,25,30
164,185,23,24
164,229,23,24
165,229,20,22
168,431,29,30
170,185,29,31
171,431,40,40
171,432,41,42
176,432,50,50
176,127,48,52
182,363,35,45
182,364,40,55
183,269,51,51
183,363,35,45
183,364,35,55
1,422,20,30
1,423,20,40
3,422,20,30
3,423,20,40
4,72,30,40
4,278,30,40
5,278,30,40
8,403,10,10
8,423,20,40
9,401,10,12
9,163,12,12
9,399,12,12
9,10,13,13
9,13,13,13
9,92,13,13
10,126,28,29
11,436,18,18
11,35,17,17
11,299,18,18
12,299,37,37
13,299,37,37
14,299,38,38
14,359,38,40
15,299,38,38
15,359,38,40
16,299,37,37
16,340,20,50
17,299,37,37
18,433,36,36
18,299,37,37
19,299,37,37
20,299,37,37
21,436,33,33
21,299,33,33
22,436,14,14
22,299,14,14
23,436,33,33
23,299,33,33
24,357,28,30
24,193,30,31
24,114,30,31
25,357,28,30
25,193,30,31
25,114,30,31
26,164,28,28
26,114,27,30
26,193,29,30
27,164,28,28
27,114,27,30
27,193,29,30
28,193,26,29
28,114,28,29
28,129,3,25
28,339,10,25
28,130,30,55
28,318,30,55
28,340,20,50
29,193,26,29
29,114,28,29
48,111,41,41
48,112,41,43
48,444,41,41
49,82,41,43
49,444,43,43
50,184,41,43
50,75,41,43
50,95,42,42
50,444,43,43
51,184,47,49
51,75,47,49
51,87,35,55
51,444,49,49
52,419,47,49
52,444,50,50
53,419,47,49
53,444,50,50
55,54,5,7
58,112,54,54
58,111,52,52
59,112,55,55
59,109,53,53
60,75,37,39
60,356,39,40
60,42,38,38
60,433,37,39
61,92,15,17
61,356,16,18
61,433,16,18
61,355,18,18
62,356,36,38
62,358,36,38
63,356,36,37
63,358,36,37
64,92,15,17
64,356,16,18
64,433,16,18
64,355,18,18
70,356,26,28
70,433,26,28
70,355,28,28
70,358,28,28
76,356,36,38
76,358,36,38
82,356,46,48
82,358,45,47
107,238,47,49
108,124,47,49
109,124,48,50
110,124,48,50
111,124,49,51
112,124,49,51
113,95,18,20
114,95,18,20
123,208,33,35
138,459,38,41
138,361,39,40
138,216,40,41
139,228,27,28
140,220,32,34
140,217,35,35
141,401,3,3
144,265,4,4
145,265,9,9
145,10,10,10
145,13,10,10
146,423,20,40
147,406,12,14
147,265,13,13
147,401,12,13
147,163,12,12
147,266,14,14
147,268,14,14
147,267,15,15
147,269,15,15
148,246,16,16
148,66,17,19
149,77,5,7
150,406,18,19
150,280,17,18
150,315,19,20
150,235,18,20
150,118,10,25
150,119,30,55
151,315,19,20
151,280,17,19
151,355,17,17
151,281,18,19
152,355,17,19
153,355,17,19
154,355,18,20
155,355,18,20
156,355,19,21
157,397,19,19
157,123,19,21
157,164,21,21
157,163,20,20
157,315,20,21
158,333,27,27
158,123,27,29
159,66,14,15
159,436,14,16
160,436,29,29
161,183,21,23
161,281,22,24
161,280,22,22
162,422,20,30
162,418,23,25
162,453,24,25
162,72,20,30
162,423,20,40
162,73,20,40
162,223,10,25
162,224,30,55
163,441,23,25
163,423,20,40
164,228,22,24
164,111,21,24
164,41,22,22
164,261,23,24
165,397,19,22
165,183,20,22
165,123,20,22
165,108,20,20
167,225,32,33
167,221,34,35
168,441,28,30
170,203,28,30
171,125,39,41
171,81,39,39
171,404,38,40
171,82,41,41
172,69,49,49
172,43,49,49
172,269,52,52
173,75,49,49
173,54,35,45
173,339,10,25
173,340,30,55
176,267,48,48
176,269,48,48
176,283,35,45
176,284,35,55
176,118,10,25
176,119,30,55
178,118,15,35
178,119,40,55
179,54,35,45
182,75,49,49
182,278,35,49
183,315,49,49
183,278,48,48
184,72,10,25
184,73,15,40
184,129,10,20
184,170,20,40
184,90,20,40
184,171,40,40
185,16,2,4
185,163,2,4
185,161,2,4
185,311,2,3
185,403,2,3
185,312,3,3
185,19,2,4
186,72,10,25
186,73,15,25
186,129,10,20
186,98,10,40
186,222,20,40
186,120,20,40
186,99,40,40
187,16,2,4
187,167,2,3
187,10,3,4
187,19,3,4
187,293,2,3
187,418,2,3
187,163,2,4
187,264,4,4
187,399,4,4
187,11,4,5
187,60,4,40
187,61,15,32
187,129,10,40
188,16,3,5
188,167,3,4
188,10,4,5
188,19,4,5
188,293,3,4
188,418,3,4
188,69,3,5
188,264,3,3
188,399,3,3
188,11,5,6
188,163,3,5
188,60,4,40
188,61,15,32
188,129,10,40
189,60,10,40
189,61,15,25
189,129,10,40
189,340,10,40
190,19,3,6
190,92,3,6
190,263,3,4
190,441,3,4
190,327,5,5
190,307,5,5
191,19,3,6
191,92,3,6
191,263,3,4
191,441,3,4
191,327,5,5
191,307,5,5
192,69,6,7
192,194,4,8
192,19,4,8
192,293,4,6
192,418,4,6
192,179,6,6
192,264,6,6
192,399,6,6
192,187,6,7
192,41,4,8
192,72,10,40
192,195,15,25
192,73,15,36
192,129,5,40
192,211,5,40
193,177,18,24
193,293,20,22
193,418,20,22
193,264,18,18
193,399,18,18
193,235,20,22
193,74,3,14
193,194,10,22
193,195,10,25
193,129,10,40
193,60,10,40
194,201,5,5
195,201,5,5
196,201,5,5
197,201,5,5
198,74,6,6
198,27,6,6
198,359,6,6
198,436,6,6
198,41,5,7
198,296,5,5
198,433,5,5
198,19,4,6
198,95,6,6
198,194,5,20
198,195,10,25
198,129,10,40
198,118,10,40
198,119,40,40
199,74,8,8
199,27,8,8
199,359,8,8
199,436,8,8
199,41,6,9
199,296,7,7
199,433,7,7
199,95,8,8
199,19,6,8
199,194,8,20
199,195,10,25
199,129,10,40
199,118,10,40
199,119,40,40
200,41,22,22
200,20,21,22
200,359,22,22
200,436,22,22
200,42,22,22
200,296,22,22
200,433,22,22
200,74,20,21
200,19,20,20
200,95,23,23
200,72,10,20
200,195,15,25
200,73,15,25
200,129,10,20
200,98,10,40
200,222,20,40
200,120,20,40
200,99,40,40
201,187,6,8
201,41,4,8
201,19,4,8
201,311,6,7
201,403,6,7
201,21,6,6
201,312,6,6
202,41,5,8
202,359,5,6
202,436,5,6
202,296,7,7
202,433,7,7
202,79,5,25
202,129,10,40
202,118,10,40
202,119,40,40
203,41,19,23
203,359,21,23
203,436,21,23
203,296,19,19
203,433,19,19
203,79,10,25
203,42,23,23
203,80,15,30
203,129,10,40
203,118,10,40
203,119,40,40
204,10,5,6
204,43,5,7
204,11,5,7
204,325,5,6
204,406,5,6
204,41,5,6
204,322,6,6
204,455,6,6
204,46,5,6
204,54,5,20
204,55,10,20
204,129,10,40
204,60,10,40
205,96,10,12
205,280,10,11
205,19,11,13
205,293,10,11
205,418,10,11
205,264,12,12
205,399,12,12
205,63,10,10
205,132,10,10
205,72,10,25
205,73,15,29
205,129,10,20
205,98,10,40
205,222,20,40
205,120,20,40
205,99,40,40
206,32,12,12
206,193,12,14
206,29,12,12
206,293,12,12
206,418,12,12
206,96,12,14
206,264,14,14
206,399,14,14
206,63,10,10
206,16,14,14
206,163,14,14
206,132,10,10
206,54,10,25
206,55,15,31
206,129,10,40
206,60,10,40
207,10,10,12
207,163,10,15
207,11,10,10
207,311,10,10
207,403,10,12
207,191,10,14
207,312,12,12
207,16,10,14
208,10,10,14
209,32,12,13
209,29,12,13
209,311,12,12
209,403,12,13
209,16,4,15
209,163,4,15
209,312,13,13
209,58,5,15
209,234,13,13
210,16,13,15
210,167,13,15
210,234,14,16
210,311,13,15
210,403,13,15
210,163,13,15
210,312,15,15
210,58,14,16
210,17,15,15
211,60,10,40
211,61,15,25
211,129,10,40
212,19,13,15
212,109,14,16
212,263,13,14
212,441,13,14
212,327,15,15
212,307,15,15
212,41,14,14
212,20,15,15
213,19,14,16
213,109,12,16
213,263,14,14
213,441,14,14
213,327,16,16
213,307,16,16
213,126,14,16
213,41,15,15
214,19,20,24
214,92,20,22
214,263,20,21
214,441,20,21
214,327,22,22
214,307,22,22
215,19,20,24
215,92,20,22
215,263,20,21
215,441,20,21
215,327,22,22
215,307,22,22
216,19,20,24
216,92,20,22
216,263,20,21
216,441,20,21
216,327,22,22
216,307,22,22
217,19,20,24
217,92,20,22
217,263,20,21
217,441,20,21
217,327,22,22
217,307,22,22
218,19,20,24
218,92,20,22
218,263,20,21
218,441,20,21
218,327,22,22
218,307,22,22
219,19,20,24
219,92,20,22
219,263,20,21
219,441,20,21
219,327,22,22
219,307,22,22
220,19,20,24
220,92,20,22
220,263,20,21
220,441,20,21
220,327,22,22
220,307,22,22
221,19,20,24
221,92,20,22
221,263,20,21
221,441,20,21
221,327,22,22
221,307,22,22
222,19,16,16
222,209,13,16
222,20,16,16
222,311,16,16
222,403,16,16
222,81,16,16
222,312,16,16
222,83,16,16
222,241,13,13
222,128,13,13
223,19,16,16
223,20,16,17
223,311,16,17
223,403,16,17
223,81,16,16
223,312,16,16
223,83,16,16
223,241,15,15
223,128,15,15
224,72,10,25
224,73,15,25
224,129,10,20
224,98,10,40
224,222,20,40
224,120,20,40
224,99,40,40
225,72,10,25
225,73,15,25
225,129,10,20
225,98,10,40
225,222,20,40
225,120,20,40
225,99,40,40
226,72,10,25
226,73,15,40
226,226,15,25
226,129,10,20
226,170,20,40
226,90,20,40
226,171,40,40
227,98,10,40
227,41,23,23
227,359,22,23
227,436,22,23
227,296,24,24
227,433,24,24
227,86,22,24
227,42,23,25
227,72,15,25
227,116,10,40
227,73,15,25
227,129,10,20
227,99,40,40
227,117,40,40
228,98,22,25
228,41,23,24
228,359,22,23
228,436,22,23
228,296,24,24
228,433,24,24
228,86,22,25
228,42,23,26
230,98,10,40
230,41,23,25
230,359,22,23
230,436,22,23
230,296,24,24
230,433,24,24
230,86,22,26
230,42,23,27
230,116,15,40
230,73,15,25
230,117,15,40
230,129,10,20
230,99,40,40
232,98,10,40
232,41,24,26
232,359,23,24
232,436,23,24
232,296,25,25
232,433,25,25
232,86,23,27
232,42,24,28
235,98,10,40
235,213,15,28
235,72,10,29
235,73,15,25
235,129,10,20
235,222,20,40
235,120,20,40
235,99,40,40
236,56,15,15
236,179,13,15
236,293,13,15
236,418,13,15
236,21,14,16
236,41,14,16
236,264,14,15
236,399,14,15
236,180,15,17
236,118,10,40
236,119,15,40
236,129,10,40
237,41,13,15
237,183,13,24
237,359,13,15
237,436,13,15
237,66,14,14
237,296,14,14
237,433,14,14
237,19,14,16
237,74,14,14
237,118,10,40
237,119,15,40
237,129,10,40
238,74,13,15
238,66,13,15
238,359,13,13
238,436,13,13
238,296,15,15
238,433,15,15
238,19,14,14
238,41,14,15
239,75,31,31
239,67,32,32
239,359,31,32
239,436,31,32
239,74,31,31
239,296,31,31
239,433,31,31
239,20,30,30
239,66,28,28
239,42,30,30
239,118,10,40
239,119,20,40
239,129,10,40
240,41,15,17
240,359,15,17
240,436,15,17
240,19,16,16
240,296,16,16
240,433,16,16
240,66,16,16
240,74,16,16
240,20,16,18
240,118,10,40
240,119,15,40
240,129,10,40
241,180,15,17
241,203,15,15
241,293,15,15
241,418,15,15
241,17,16,17
241,164,17,17
241,264,17,17
241,399,17,17
241,179,15,16
241,48,15,17
241,129,5,50
241,60,10,40
242,129,5,40
242,130,10,40
243,114,23,23
243,70,22,24
243,293,22,23
243,418,22,23
243,69,22,22
243,264,22,22
243,399,22,22
243,108,22,26
243,60,10,40
243,61,20,30
243,129,10,40
243,223,10,40
244,220,21,23
244,42,22,25
244,359,21,22
244,436,21,22
244,41,22,22
244,296,22,22
244,433,22,22
244,124,20,22
245,220,21,24
245,42,22,25
245,359,21,22
245,436,21,22
245,41,22,22
245,296,22,22
245,433,22,22
245,124,20,22
246,220,22,25
246,42,23,26
246,359,22,23
246,436,22,23
246,41,23,23
246,296,23,23
246,433,23,23
246,124,21,24
247,220,22,26
247,42,23,25
247,359,22,23
247,436,22,23
247,41,23,24
247,296,23,23
247,433,23,23
247,124,22,26
249,129,2,40
249,60,10,40
250,129,5,40
250,147,5,40
250,148,40,40
251,74,23,23
251,333,23,23
251,75,23,27
251,293,23,23
251,418,23,23
251,207,24,24
251,264,24,24
251,399,24,24
251,231,20,20
251,129,2,40
251,60,10,40
252,74,2,4
252,21,2,3
252,19,2,4
252,311,2,3
252,403,2,3
252,312,2,2
253,74,2,14
253,206,2,8
253,41,2,4
253,359,2,3
253,436,2,3
253,296,2,2
253,433,2,2
253,129,2,40
253,118,10,40
253,119,40,40
254,74,23,23
254,41,23,23
254,359,23,23
254,436,23,23
254,75,25,25
254,296,25,25
254,433,25,25
254,202,20,25
254,42,23,23
254,129,2,40
254,118,10,40
254,119,40,40
255,83,35,35
255,164,35,35
255,132,31,40
255,241,35,35
255,293,33,34
255,418,33,34
255,264,31,32
255,399,31,32
255,44,32,32
255,21,31,31
255,22,34,34
255,20,31,33
255,72,10,25
255,86,10,20
255,120,15,25
255,129,10,20
255,170,20,40
255,90,20,40
255,73,40,40
255,171,40,40
256,60,20,40
256,129,10,35
257,60,10,40
257,129,10,40
258,41,9,36
258,42,26,36
258,54,26,33
258,359,28,29
258,436,28,29
258,296,30,32
258,433,30,32
258,55,32,38
259,86,22,34
259,42,26,34
259,54,26,31
259,359,28,34
259,436,28,34
259,296,32,34
259,433,32,34
259,55,32,35
259,41,18,36
260,86,24,35
260,42,26,36
260,54,27,32
260,359,30,35
260,436,30,35
260,296,33,35
260,433,33,35
260,55,32,37
260,41,22,36
261,87,28,40
261,42,26,36
261,54,15,40
261,359,32,34
261,436,32,34
261,86,25,35
261,296,34,36
261,433,34,36
261,55,32,40
261,41,24,36
262,87,30,40
262,42,26,40
262,54,15,40
262,359,34,34
262,436,34,34
262,86,25,40
262,124,38,40
262,296,38,38
262,433,38,38
262,55,32,40
262,116,5,40
262,80,32,50
262,129,5,20
262,98,5,33
262,130,15,40
262,99,32,40
262,117,40,40
263,195,45,45
263,208,48,48
263,359,45,48
263,436,45,48
263,55,40,48
263,232,47,48
263,296,47,48
263,433,47,48
263,200,45,45
263,42,46,48
263,246,15,20
263,119,30,45
263,118,10,40
263,129,10,40
264,195,45,45
264,215,48,48
264,231,46,46
264,359,46,48
264,436,46,48
264,55,48,48
264,232,48,50
264,296,48,50
264,433,48,50
264,200,45,45
264,42,48,48
264,246,15,20
264,119,30,45
264,118,10,40
264,129,10,40
265,215,50,50
265,55,48,48
265,195,45,45
265,359,45,48
265,436,45,48
265,232,47,47
265,296,47,47
265,433,47,47
265,200,45,45
265,42,48,48
265,246,15,20
265,119,30,45
265,118,10,40
265,129,10,40
266,194,20,30
266,195,30,40
266,129,10,40
266,60,20,40
267,42,20,22
267,74,19,19
267,98,20,26
267,359,20,22
267,436,20,22
267,99,22,31
267,66,19,19
267,296,19,20
267,433,19,20
267,95,20,20
267,194,18,18
267,41,18,18
267,195,20,20
267,200,20,20
267,75,20,20
267,67,22,22
267,208,23,23
268,19,20,24
268,92,20,22
268,263,20,21
268,441,20,21
268,327,22,22
268,307,22,22
269,114,41,41
269,77,42,42
269,293,41,42
269,418,41,42
269,232,42,42
269,264,42,42
269,399,42,42
269,78,44,44
269,84,41,41
269,215,38,43
269,85,43,43
269,61,30,48
269,60,10,40
269,129,10,40
270,95,42,42
270,232,44,44
270,359,42,44
270,436,42,44
270,231,43,43
270,296,43,43
270,433,43,43
270,75,41,43
270,42,45,46
270,246,15,20
270,119,20,50
270,118,10,40
270,129,10,20
270,130,20,40
271,42,48,51
271,95,48,48
271,359,48,51
271,436,48,51
271,231,48,48
271,296,48,48
271,433,48,48
271,232,50,50
271,55,51,51
271,246,15,20
272,195,45,45
272,200,45,45
272,55,48,48
272,359,45,46
272,436,45,46
272,231,46,46
272,232,47,48
272,296,47,48
272,433,47,48
272,247,30,45
272,42,48,48
272,246,15,20
273,215,45,45
273,55,45,51
273,195,45,45
273,359,45,48
273,436,45,48
273,200,45,48
273,232,47,50
273,296,47,47
273,433,47,47
273,246,15,30
273,42,48,53
273,119,30,45
273,118,10,40
273,129,10,40
275,19,20,20
275,263,20,20
275,399,20,20
275,129,10,20
275,118,10,20
276,72,5,40
276,195,25,29
276,73,25,29
276,129,5,40
276,369,10,40
276,211,40,40
277,99,25,40
277,98,5,40
277,72,5,40
277,366,35,35
277,73,30,39
277,129,5,20
277,222,20,40
277,120,15,40
278,72,5,40
278,73,20,40
278,129,5,20
278,170,20,40
278,90,15,40
278,171,40,40
279,72,5,40
279,73,35,40
279,129,5,20
279,170,20,40
279,90,15,40
279,171,40,40
280,60,5,40
280,61,10,30
280,129,5,40
281,118,5,40
281,119,10,40
281,129,5,40
282,50,24,37
282,213,32,35
282,72,5,40
282,278,35,35
282,73,35,40
282,129,5,20
282,170,20,40
282,90,15,40
282,171,40,40
283,88,15,40
283,89,15,19
284,129,5,40
284,130,15,40
285,72,5,40
285,73,35,40
285,129,5,20
285,170,20,40
285,90,15,40
285,171,40,40
286,83,24,25
286,58,21,25
286,128,20,24
286,187,20,22
286,311,20,21
286,403,20,24
286,22,21,21
286,44,22,24
286,312,22,24
286,203,20,20
286,50,20,20
287,84,28,30
287,20,28,30
287,28,28,28
287,293,28,28
287,418,28,28
287,77,32,32
287,264,32,32
287,399,32,32
287,195,30,32
287,85,30,30
287,72,10,34
287,73,30,40
287,129,10,20
287,170,20,40
287,90,20,40
287,171,40,40
288,84,28,30
288,195,28,32
288,20,28,30
288,293,28,28
288,418,28,28
288,264,30,30
288,399,30,30
288,77,32,32
288,28,30,30
288,72,10,24
288,370,20,20
288,73,20,40
288,129,10,20
288,170,20,40
288,90,20,40
288,171,40,40
289,114,39,39
289,77,40,40
289,293,39,40
289,418,39,40
289,232,40,40
289,264,40,40
289,399,40,40
289,78,40,43
289,215,40,42
289,84,41,41
289,85,43,43
289,60,10,44
289,61,40,44
289,129,10,40
290,41,6,11
290,74,7,10
290,359,6,8
290,436,6,8
290,27,8,12
290,296,8,8
290,433,8,8
290,46,8,12
290,28,10,10
290,35,8,12
291,41,6,8
291,74,8,10
291,359,6,8
291,436,6,8
291,27,8,8
291,296,8,8
291,433,8,8
291,46,12,12
291,28,10,10
291,35,8,8
292,104,10,13
292,74,10,17
292,359,10,10
292,436,10,10
292,66,12,17
292,296,12,12
292,433,12,12
292,41,8,16
292,67,14,15
293,104,12,12
293,74,5,30
293,359,12,12
293,436,12,12
293,95,13,17
293,296,16,16
293,433,16,16
293,41,10,21
293,105,14,15
293,115,14,15
294,75,32,40
294,42,32,34
294,359,32,32
294,436,32,32
294,232,33,33
294,296,33,33
294,433,33,33
294,95,32,36
294,111,32,35
295,16,2,7
295,163,2,4
295,261,2,2
295,19,2,6
295,311,2,2
295,403,2,3
295,161,3,3
295,312,3,3
295,162,6,6
296,10,3,5
296,163,3,5
296,16,2,8
296,167,3,10
296,311,3,3
296,403,3,5
296,11,5,5
296,312,5,5
296,12,7,8
296,164,4,10
296,17,7,10
296,168,7,7
297,21,5,12
297,19,5,12
297,343,5,5
297,41,5,6
297,311,5,5
297,403,5,8
297,312,8,8
297,39,3,7
298,21,5,12
298,19,5,12
298,41,5,6
298,293,5,5
298,418,5,5
298,264,8,8
298,399,8,8
298,39,6,6
298,118,5,40
298,119,10,40
298,129,5,40
299,16,13,17
299,43,13,16
299,69,13,16
299,311,13,13
299,403,13,14
299,312,14,14
299,44,15,15
299,63,7,14
300,16,13,17
300,43,13,16
300,69,13,16
300,293,13,13
300,418,13,13
300,264,14,14
300,399,14,14
300,81,14,15
300,63,7,14
300,54,5,40
300,55,10,20
300,129,5,40
300,60,5,40
301,19,15,20
301,21,17,17
301,198,17,19
301,311,17,17
301,403,17,18
301,58,15,20
301,312,18,18
301,20,18,19
301,228,15,18
302,17,17,24
302,164,17,20
302,93,17,20
302,311,17,19
302,403,15,19
302,63,15,19
302,312,15,15
302,58,15,18
302,64,15,27
303,56,13,13
303,302,13,15
303,19,13,18
303,293,13,15
303,418,13,15
303,21,13,17
303,20,13,20
303,264,13,13
303,399,13,13
303,22,15,19
303,57,15,15
303,118,10,40
303,119,15,40
303,129,10,40
304,21,13,17
304,195,16,18
304,100,14,17
304,293,16,17
304,418,16,17
304,20,15,20
304,264,16,16
304,399,16,16
304,22,15,18
304,125,15,18
304,118,10,40
304,119,15,40
304,129,5,40
305,96,9,19
305,19,15,17
305,311,14,15
305,403,14,15
305,81,15,15
305,312,15,15
305,97,16,16
306,30,23,23
306,113,23,25
306,33,23,23
306,293,23,23
306,418,23,23
306,17,25,29
306,164,25,25
306,264,25,25
306,399,25,25
306,187,22,27
306,195,22,29
306,72,5,40
306,73,25,29
306,129,5,40
306,211,40,40
307,30,23,26
307,33,23,26
307,311,23,23
307,403,23,25
307,17,25,30
307,164,25,28
307,312,25,25
307,187,24,28
307,195,22,28
307,188,26,30
307,113,25,28
308,30,23,23
308,33,23,23
308,311,23,23
308,403,23,25
308,17,25,32
308,164,25,25
308,312,25,25
308,187,22,27
308,195,22,25
308,113,25,25
309,88,26,28
309,22,24,29
309,311,26,27
309,403,26,28
309,312,28,28
309,198,28,29
309,218,27,29
309,89,30,30
310,22,25,32
310,88,27,33
310,218,27,32
310,311,27,28
310,403,27,29
310,312,29,29
310,89,30,33
311,88,26,29
311,22,24,29
311,311,26,27
311,403,26,28
311,312,28,28
311,89,29,30
311,218,27,29
312,114,17,35
312,293,25,30
312,418,25,30
312,264,35,35
312,399,35,35
312,122,28,30
312,72,5,40
312,73,30,40
312,129,5,20
312,170,20,40
312,90,15,40
312,171,40,40
313,19,2,7
313,21,2,6
313,293,3,3
313,418,3,3
313,264,5,5
313,399,5,5
313,84,4,4
313,77,6,6
313,22,7,7
313,60,3,40
313,61,10,30
313,129,5,40
314,69,8,14
314,48,8,16
314,191,10,12
314,43,10,14
314,293,8,10
314,418,8,10
314,63,8,12
314,264,9,9
314,399,9,9
314,70,12,14
314,49,10,14
314,118,4,40
314,119,10,40
314,129,5,40
315,16,8,17
315,48,8,16
315,427,8,10
315,69,10,14
315,43,10,14
315,293,8,10
315,418,8,10
315,49,8,10
315,264,8,8
315,399,8,8
315,63,9,13
315,17,10,17
315,70,10,14
315,118,4,40
315,119,10,40
315,129,5,40
316,41,22,22
316,20,22,22
316,359,22,22
316,436,22,22
316,42,22,24
316,296,22,22
316,433,22,22
316,79,20,24
316,19,20,20
316,118,10,40
316,119,20,40
316,129,10,40
317,50,2,32
317,359,15,17
317,436,15,17
317,296,19,19
317,433,19,19
317,51,16,32
318,75,32,40
318,42,32,34
318,359,32,32
318,436,32,32
318,232,33,33
318,296,33,33
318,433,33,33
318,95,32,36
318,111,32,35
319,75,30,40
319,42,32,34
319,359,32,32
319,436,32,32
319,232,33,33
319,296,33,33
319,433,33,33
319,95,32,36
319,111,32,35
319,74,24,32
320,10,3,4
320,163,3,5
320,16,3,7
320,167,3,10
320,311,3,3
320,403,3,5
320,11,5,5
320,312,5,5
320,12,7,8
320,164,7,10
320,17,7,10
320,168,7,7
321,10,3,6
321,163,3,5
321,401,3,3
321,11,3,6
321,325,3,3
321,406,3,3
321,16,3,8
321,322,5,5
321,455,5,5
321,12,7,7
321,164,7,7
321,17,7,9
321,25,3,7
323,67,39,46
323,42,38,55
323,47,38,58
323,359,38,38
323,436,38,38
323,57,38,61
323,82,39,49
323,296,39,40
323,433,39,40
323,132,39,61
323,101,40,58
323,202,37,55
323,74,22,50
323,75,26,55
323,54,15,50
323,55,40,55
323,129,5,20
323,60,5,40
323,118,5,25
323,61,20,40
323,130,15,40
324,64,42,64
324,47,40,61
324,42,41,58
324,359,39,41
324,436,39,41
324,67,39,49
324,82,41,52
324,296,41,42
324,433,41,42
324,132,42,64
324,101,41,61
324,202,42,58
324,54,35,40
324,55,40,40
324,129,10,20
324,60,20,40
324,118,20,20
324,61,40,40
324,130,40,40
325,64,46,67
325,47,45,64
325,42,47,61
325,359,45,47
325,436,45,47
325,67,45,52
325,82,45,55
325,296,45,45
325,433,45,45
325,132,45,67
325,101,46,64
325,202,49,61
325,74,22,60
325,75,26,65
325,54,15,60
325,55,40,65
325,129,5,20
325,60,5,40
325,118,5,30
325,61,20,40
325,130,15,40
187,165,3,3
187,13,3,4
187,14,4,5
188,165,4,4
188,13,4,5
188,14,5,6
192,23,4,4
201,23,7,7
204,13,5,6
204,14,5,7
207,13,10,12
207,14,10,10
208,13,10,14
209,37,13,15
210,165,13,15
210,37,14,16
222,52,16,16
223,52,16,18
244,225,21,23
245,225,22,24
246,225,23,25
247,225,23,26
251,216,20,20
251,227,27,27
263,217,47,48
264,216,46,46
264,217,48,50
265,217,47,47
269,217,42,42
270,217,44,44
270,216,43,43
271,216,48,48
271,217,50,50
272,216,46,46
272,217,47,48
273,217,47,50
286,37,21,24
287,24,30,30
288,24,28,28
288,85,30,30
289,217,40,40
294,217,33,33
296,165,3,10
296,13,3,5
296,14,3,7
296,15,7,10
296,166,7,10
297,316,5,5
297,23,8,8
297,24,10,10
298,23,6,12
298,24,10,10
299,52,10,16
300,52,10,16
301,52,17,20
301,37,15,20
301,53,18,19
302,52,17,20
302,37,15,18
303,303,13,15
318,217,33,33
319,217,33,33
320,165,3,10
320,13,3,5
320,14,3,7
320,15,7,10
320,166,7,10
321,13,3,5
321,14,3,6
321,15,7,7
323,53,38,39
296,19,2,5
297,16,6,8
299,56,10,16
300,56,10,16
301,16,19,22
301,43,19,22
301,56,17,20
302,16,18,22
302,56,18,20
302,23,17,19
303,23,11,17
304,23,11,17
305,23,12,15
305,21,13,17
276,43,22,27
276,16,23,28
276,48,24,26
276,44,28,30
306,43,22,27
306,16,25,28
306,48,23,26
306,132,25,25
306,44,28,30
307,43,22,28
307,16,26,27
307,132,23,23
307,48,24,27
307,44,30,30
308,43,22,28
308,132,25,26
308,16,23,27
308,48,23,28
308,44,28,30
309,21,20,23
309,19,18,24
309,84,18,26
309,20,23,26
310,21,20,22
310,20,25,29
310,84,24,28
311,21,20,23
311,20,25,29
311,84,22,28
312,19,13,25
312,16,11,23
312,20,15,30
312,17,15,32
313,32,2,4
313,29,2,4
329,23,26,34
329,132,33,43
329,21,26,34
329,22,38,45
329,24,41,44
314,13,7,7
314,14,8,8
314,16,11,17
315,13,8,8
315,14,7,9
315,11,7,12
315,10,8,10
326,41,7,11
326,74,7,11
326,46,5,11
326,35,9,12
327,41,8,13
327,74,9,11
327,46,10,13
327,35,9,13
293,66,15,21
330,100,21,37
330,81,21,35
330,25,20,26
330,82,31,38
330,125,32,36
331,66,24,32
331,74,26,41
331,41,22,44
331,95,36,46
331,75,41,47
331,42,41,44
331,67,42,46
331,105,43,46
336,92,13,25
336,104,15,22
336,93,20,25
337,92,13,25
337,93,20,25
337,104,15,22
338,92,13,27
338,93,20,27
338,104,15,22
339,92,14,27
339,93,21,28
339,104,17,24
340,92,15,29
340,93,23,30
340,104,17,24
259,120,30,32
259,116,30,32
259,90,30,32
259,79,28,31
259,87,38,38
259,117,37,37
260,79,30,32
260,116,28,30
260,120,28,30
260,90,28,30
260,80,31,37
261,79,15,40
261,116,5,31
261,90,15,31
261,117,39,39
262,90,15,33
262,79,15,40
341,109,28,32
341,77,28,34
341,58,26,38
341,88,23,32
341,110,32,39
341,89,32,39
258,86,30,30
258,79,26,33
258,90,28,30
258,116,28,30
332,66,22,34
332,74,24,41
332,41,26,44
332,95,36,48
332,67,39,48
332,42,39,46
332,105,40,48
332,75,43,44
333,66,24,32
333,74,26,46
333,41,22,32
333,95,40,49
333,49,40,40
333,75,41,47
333,42,41,44
333,67,42,46
342,58,30,32
342,109,28,34
342,77,28,32
342,88,26,35
342,110,32,39
342,89,32,39
343,109,28,35
343,58,30,33
343,77,32,36
343,110,32,42
343,88,28,38
343,89,32,42
344,109,28,35
344,58,30,35
344,77,32,34
344,110,34,42
344,88,28,38
344,89,34,42
346,32,21,24
346,84,26,26
346,46,22,22
346,102,22,26
346,33,33,33
346,29,24,29
346,47,25,25
346,115,25,25
346,123,15,28
347,32,22,36
347,111,25,26
347,46,23,23
347,102,20,27
347,33,30,30
347,30,23,30
347,49,32,32
347,113,26,26
347,128,28,28
348,32,22,30
348,84,26,26
348,48,23,23
348,102,22,27
348,33,30,33
348,29,21,30
348,49,31,32
348,128,21,26
348,115,28,28
345,32,14,22
345,111,20,25
345,48,22,22
345,102,24,25
345,33,23,31
345,30,31,31
345,47,27,32
345,123,23,23
345,113,7,23
324,85,51,51
324,49,51,51
324,112,52,60
324,105,52,52
324,113,56,56
324,40,54,54
325,112,55,62
325,105,55,55
325,113,56,64
325,26,64,64
325,24,57,57
323,97,46,46
323,85,49,49
323,49,49,54
323,24,52,52
323,64,49,49
323,26,53,53
328,41,16,22
328,74,16,21
328,66,15,20
328,95,13,22
298,27,6,12
301,69,19,22
302,27,17,19
303,27,11,17
304,27,11,17
305,27,12,15
276,69,22,27
276,70,28,30
306,69,22,27
306,70,28,30
307,69,22,28
307,70,30,30
308,69,22,28
308,70,28,30
329,27,26,34
329,28,41,44
314,10,7,10
314,11,8,12
330,26,33,36
259,98,26,32
259,99,28,37
260,98,27,30
261,98,5,31
261,120,15,40
261,99,30,39
262,120,15,40
341,37,30,34
258,120,28,30
258,98,25,30
258,80,38,38
342,37,30,32
343,37,30,33
343,126,34,34
344,37,30,35
344,126,38,38
346,30,32,33
346,127,28,28
347,29,14,30
348,30,30,33
345,29,22,36
345,127,23,23
325,28,57,57
323,28,52,52
296,32,4,6
296,29,4,6
297,56,7,9
297,27,8,10
298,56,9,12
299,19,14,16
299,17,15,17
299,39,3,14
300,19,13,16
300,17,17,17
300,39,3,12
301,63,15,26
301,17,24,24
301,39,18,24
302,19,17,20
302,39,16,24
303,32,16,18
303,29,16,18
303,33,18,18
303,30,18,18
304,81,16,22
304,19,18,18
304,32,17,17
304,29,17,17
304,66,16,18
305,16,16,18
305,17,16,20
305,20,15,17
276,17,28,28
276,83,26,31
276,79,15,35
276,80,15,20
306,83,26,31
306,79,15,35
306,80,15,20
307,49,28,30
308,49,25,30
310,77,28,32
310,85,29,29
311,19,22,24
313,56,2,5
329,33,41,44
329,30,41,44
329,56,32,41
329,57,41,46
314,17,17,17
330,88,33,37
330,89,33,37
260,99,28,28
261,72,20,40
262,41,36,45
262,72,20,40
341,19,26,37
341,20,32,37
342,19,26,40
342,20,32,40
343,19,26,43
343,20,32,43
344,20,34,46
344,132,12,30
346,128,21,21
346,104,19,19
346,105,24,24
346,113,21,21
347,115,28,33
347,104,16,16
347,123,25,25
347,127,15,15
348,104,19,19
348,105,24,24
348,127,25,25
348,114,27,27
345,46,27,27
345,114,22,22
324,75,45,60
324,28,56,56
324,111,50,50
324,44,58,58
324,70,58,58
325,111,52,52
325,108,50,55
323,44,55,55
323,70,55,55
285,118,10,10
285,60,10,15
280,118,5,15
313,118,5,15
281,60,10,10
314,60,10,10
315,60,5,25
305,129,5,15
305,118,10,10
305,60,10,10
300,118,5,20
282,118,10,10
282,60,10,10
304,60,10,10
283,129,5,35
283,118,5,20
283,60,10,10
345,129,5,15
345,118,5,25
345,60,5,15
346,129,5,15
346,118,5,25
346,60,5,15
347,129,5,15
347,118,5,25
347,60,5,15
348,129,5,15
348,118,5,25
348,60,5,15
276,118,10,15
276,60,10,10
306,118,10,15
306,60,10,10
310,129,5,15
310,118,10,15
310,60,10,10
311,129,5,15
311,118,10,15
311,60,10,10
277,118,10,15
277,60,10,10
278,118,10,15
278,60,10,10
312,118,10,15
312,60,10,10
261,129,5,15
261,118,10,15
261,60,10,10
262,118,10,15
262,60,10,10
279,118,10,15
279,60,10,10
329,129,5,15
329,118,5,15
329,60,5,30
284,118,5,25
284,60,5,15
277,116,5,25
277,90,15,15
278,120,15,30
278,116,5,25
312,120,15,20
312,116,5,25
279,120,10,25
279,116,5,25
304,61,23,23
304,79,15,35
283,61,23,23
283,79,5,40
305,98,5,35
305,90,15,15
300,98,15,15
300,90,15,15
282,98,5,25
280,72,15,15
281,54,15,35
281,98,5,35
314,54,15,35
314,98,5,35
315,54,15,40
315,98,10,15
284,119,20,30
284,98,15,15
276,98,5,35
306,98,5,35
310,72,5,15
310,98,15,15
311,72,5,15
311,98,15,15
329,80,23,23
329,119,23,23
329,99,23,23
329,117,23,23
323,80,23,55
323,119,23,55
323,99,23,23
323,117,23,23
325,80,23,65
325,119,23,60
325,99,23,23
325,117,23,23
345,147,10,25
345,98,15,15
345,54,15,40
345,79,15,40
346,147,15,25
346,98,15,15
346,54,15,40
346,79,15,40
347,147,15,25
347,98,15,15
347,54,15,40
347,79,15,40
348,147,15,25
348,98,15,15
348,54,15,40
348,79,15,40
276,116,5,35
276,117,25,35
282,116,5,35
285,120,5,25
304,98,5,35
304,116,5,35
304,99,25,25
305,72,5,40
305,116,5,35
306,116,5,35
306,117,20,20
310,90,25,35
311,90,20,40
315,99,15,25
329,61,20,40
345,148,15,35
349,72,10,39
349,120,15,15
349,90,10,40
349,278,35,35
349,73,35,40
349,129,5,40
349,170,20,40
349,171,40,40
349,118,10,10
349,60,10,10
349,98,15,15
350,129,5,30
350,118,5,30
350,341,10,45
350,183,5,35
351,129,5,30
351,72,5,35
351,320,10,45
351,278,10,30
351,279,25,30
352,129,5,30
352,72,5,35
352,320,10,45
352,120,25,30
352,278,10,30
352,279,25,30
353,129,5,30
353,72,5,35
353,320,10,45
353,319,30,35
353,278,10,30
353,279,25,30
354,129,5,35
354,130,5,45
355,129,5,30
355,370,10,35
355,320,10,45
355,72,5,35
355,222,30,35
355,278,10,30
355,279,25,30
356,129,5,30
356,118,5,30
356,339,10,45
356,41,5,35
356,338,5,35
357,129,5,30
357,118,5,30
357,339,10,35
357,340,30,45
357,42,30,40
357,338,5,39
358,129,5,30
358,118,5,30
358,339,10,35
358,340,30,45
358,42,30,40
358,338,5,39
359,129,5,30
359,118,5,30
359,339,10,35
359,340,30,45
359,42,30,40
359,338,5,39
359,371,25,35
360,293,5,8
361,41,7,8
361,296,6,10
361,63,8,8
361,74,6,9
362,41,9,10
362,304,9,11
362,63,9,9
362,296,10,11
362,303,9,11
363,74,5,20
363,299,10,20
363,41,10,11
363,304,10,12
363,63,10,10
363,303,10,12
364,41,7,8
364,296,6,10
364,63,8,8
364,304,7,8
365,263,5,6
365,265,5,6
365,285,5,6
365,266,5,5
365,268,5,5
365,276,5,6
365,287,5,6
366,322,18,22
366,66,18,22
366,325,18,22
367,322,15,16
367,109,14,16
367,66,15,16
367,324,14,16
367,218,15,15
367,88,14,16
368,355,22,29
369,355,22,29
370,355,22,29
371,355,22,29
371,353,22,29
372,355,22,29
372,353,22,29
373,355,22,29
373,353,22,29
374,355,27,29
374,307,27,29
374,37,25,29
374,278,26,28
375,355,24,30
375,353,24,30
375,358,28,28
376,129,5,30
376,72,5,35
376,320,10,45
376,41,5,35
376,42,30,36
377,41,28,35
377,42,33,36
378,41,30,34
378,303,30,34
378,42,33,36
379,41,30,34
379,303,30,34
379,42,33,36
380,41,30,34
380,303,30,34
380,42,33,36
381,41,30,34
381,303,30,34
381,42,33,36
382,42,38,40
382,297,38,40
382,305,40,40
382,294,40,40
382,41,36,36
382,296,36,36
382,304,36,36
382,293,36,36
383,75,30,40
383,74,30,40
383,42,38,42
383,297,38,42
383,305,40,42
383,308,40,40
383,307,38,38
384,129,5,30
384,118,5,30
384,339,10,35
384,340,30,45
384,42,25,44
384,303,40,44
384,305,40,44
384,308,40,44
385,129,5,30
385,72,5,35
385,320,10,45
385,41,5,35
385,363,25,35
385,42,32,32
386,41,26,30
386,363,26,32
386,361,26,30
386,42,30,32
387,100,22,26
387,81,22,26
388,100,22,26
388,81,22,26
388,101,26,26
388,82,26,26
389,129,5,30
389,72,5,35
389,73,20,35
390,303,48,50
390,42,34,50
390,344,36,50
390,356,48,50
391,303,51,53
391,42,34,53
391,344,36,53
391,356,51,53
392,303,54,56
392,42,34,56
392,344,36,56
392,356,54,56
392,334,38,60
393,265,2,3
393,263,2,3
393,261,2,3
394,129,5,30
394,118,5,30
394,341,10,45
394,183,5,35
394,283,3,30
394,263,3,4
394,265,3,4
394,273,3,4
394,261,3,4
394,280,4,4
395,129,5,30
395,72,5,35
395,320,10,45
395,319,30,35
395,278,2,30
395,279,25,30
395,263,2,4
395,261,2,4
396,129,5,45
396,278,3,30
396,279,25,30
396,263,4,5
396,265,4,5
396,276,4,5
397,129,5,30
397,72,5,35
397,320,10,45
397,278,10,30
397,279,25,30
398,129,5,30
398,72,5,35
398,320,10,45
398,278,10,30
398,279,25,30
399,129,5,30
399,72,5,35
399,320,10,45
399,278,10,30
399,279,25,30
400,129,5,30
400,72,5,35
400,320,10,45
400,278,10,30
400,279,25,30
401,129,5,30
401,72,5,35
401,320,10,45
401,278,10,30
401,279,25,30
402,129,5,30
402,72,5,35
402,320,10,45
402,278,10,30
402,279,25,30
402,263,12,12
402,309,12,13
402,316,12,13
402,312,12,13
402,43,13,13
402,311,12,13
403,129,5,30
403,118,5,30
403,339,10,45
403,74,5,20
403,183,5,35
403,283,20,30
403,27,19,21
403,328,19,21
403,331,19,22
403,343,19,22
404,322,14,16
404,66,14,16
405,327,14,16
405,27,14,16
405,227,16,16
406,129,5,30
406,118,5,30
406,339,10,45
406,74,5,20
406,183,5,35
406,283,15,30
406,333,15,17
406,273,15,16
406,335,15,17
406,274,15,18
407,129,5,30
407,72,5,35
407,320,10,45
407,278,10,30
407,279,25,30
407,333,23,25
407,276,23,25
407,277,25,25
407,39,24,25
408,263,6,8
408,293,6,7
408,290,6,7
408,276,6,8
408,300,7,8
409,129,5,30
409,118,5,30
409,341,10,45
409,183,5,35
409,283,13,30
409,263,13,14
409,315,13,14
409,43,13,14
409,314,13,14
409,313,13,14
410,129,5,30
410,72,5,35
410,318,10,45
410,319,30,35
410,278,10,30
410,279,25,30
410,263,24,26
410,309,24,26
410,264,26,26
410,310,26,26
410,352,25,25
411,129,5,30
411,72,5,35
411,318,10,45
411,278,10,30
411,279,25,30
411,263,25,27
411,264,25,27
411,43,24,27
411,357,25,27
411,352,25,25
412,129,5,30
412,118,5,30
412,339,10,45
412,183,5,35
412,283,20,30
412,263,25,25
412,264,25,27
412,43,25,27
412,359,25,27
412,352,25,25
413,129,5,30
413,72,5,35
413,320,10,45
413,278,10,30
413,279,25,30
413,263,26,26
413,355,26,28
413,264,26,28
413,43,26,28
413,44,28,28
413,352,25,25
414,129,5,30
414,72,5,35
414,320,10,45
414,319,30,35
414,278,10,30
414,279,25,30
415,129,5,30
415,72,5,35
415,320,10,45
415,278,10,30
415,279,25,30
415,263,26,26
415,355,26,28
415,264,26,28
415,43,26,28
415,44,28,28
415,352,25,25
416,129,5,30
416,72,5,35
416,320,10,45
416,319,30,35
416,278,10,30
416,279,25,30
417,366,20,35
417,170,20,30
417,369,30,35
418,129,5,30
418,72,5,35
418,320,10,45
418,319,30,35
418,278,10,30
418,279,25,30
419,129,5,30
419,72,5,35
419,320,10,45
419,319,30,35
419,278,10,30
419,279,25,30
420,366,20,35
420,170,20,30
420,369,30,35
421,129,5,30
421,72,5,35
421,320,10,45
421,319,30,35
421,278,10,30
421,279,25,30
422,129,5,30
422,370,10,35
422,320,10,45
422,72,5,35
422,222,30,35
422,278,10,30
422,279,25,30
423,129,5,30
423,72,5,35
423,320,10,45
423,319,30,35
423,278,10,30
423,279,25,30
423,321,25,40
424,129,5,30
424,72,5,35
424,320,10,45
424,319,30,35
424,278,10,30
424,279,25,30
424,360,5,50
425,129,5,30
425,72,5,35
425,320,10,45
425,319,30,35
425,278,10,30
425,279,25,30
426,129,5,30
426,72,5,35
426,320,10,45
426,319,30,35
426,116,25,30
426,278,10,30
426,279,25,30
427,129,5,30
427,72,5,35
427,320,10,45
427,319,30,35
427,116,25,30
427,278,10,30
427,279,25,30
428,129,5,30
428,72,5,35
428,320,10,45
428,319,30,35
428,116,25,30
428,278,10,30
428,279,25,30
429,129,5,30
429,118,5,35
429,119,25,40
429,54,20,35
429,55,25,40
429,111,27,29
429,43,27,29
429,84,27,29
429,44,29,31
429,85,29,31
429,127,27,29
430,74,5,30
430,231,27,29
430,43,27,29
430,177,27,29
430,44,29,31
430,178,29,31
430,214,27,29
431,129,5,30
431,118,5,35
431,119,25,40
431,54,20,35
431,43,25,27
431,203,25,27
431,177,25,25
431,84,25,27
431,44,25,25
431,202,27,29
431,25,25,27
432,43,25,27
432,203,25,27
432,177,25,25
432,84,25,25
432,44,25,25
432,202,27,29
432,25,25,27
433,129,5,30
433,72,5,35
433,320,10,45
433,278,10,30
433,279,25,30
434,129,5,30
434,72,5,35
434,320,10,45
434,319,30,35
434,278,10,30
434,279,25,30
354,72,5,10
356,337,5,35
357,337,5,39
358,337,5,39
359,337,5,39
362,302,9,11
363,302,10,12
368,353,22,29
369,353,22,29
370,353,22,29
374,353,27,29
378,302,30,34
379,302,30,34
380,302,30,34
381,302,30,34
384,302,40,44
390,302,33,50
390,354,37,50
391,302,33,53
391,354,37,53
392,302,33,56
392,354,37,56
394,270,3,4
406,270,15,16
406,336,15,17
406,271,16,18
413,353,26,28
415,353,26,28
396,261,4,5
396,183,4,5
402,261,12,12
404,183,14,16
405,218,14,16
408,261,6,8
408,63,7,7
409,261,13,14
409,273,13,13
365,261,5,6
383,303,38,38
435,129,25,30
435,118,25,30
435,223,25,35
435,224,35,40
435,194,25,30
435,183,25,35
435,195,35,40
435,191,33,35
435,179,34,36
435,190,34,34
435,167,33,33
435,163,35,35
435,209,34,34
435,234,36,39
435,207,37,40
436,213,20,40
436,190,33,35
436,216,34,36
436,191,34,34
436,165,33,33
436,163,35,35
436,204,34,34
436,228,36,39
436,241,37,40
412,261,25,25
412,262,25,27
412,273,25,25
413,261,26,26
413,262,26,28
415,261,26,26
415,262,26,28
437,74,27,30
437,324,28,30
437,75,30,33
438,27,20,24
438,328,20,24
439,132,38,45
439,293,35,38
439,294,38,44
440,235,40,50
441,41,6,16
442,179,3,13
443,204,19,29
444,228,12,22
445,216,6,16
446,190,18,28
447,213,18,28
448,234,18,28
449,235,18,28
450,201,25,25
451,201,25,25
452,201,25,25
453,201,25,25
454,201,25,25
455,201,25,25
456,201,25,25
461,116,5,35
461,129,5,15
461,98,5,35
461,90,15,25
461,130,15,25
461,54,25,35
461,72,5,40
331,24,44,44
332,57,42,42
332,24,46,46
333,24,44,44
333,105,44,46
344,19,26,26
345,119,20,30
346,119,20,30
346,148,25,35
347,119,20,30
347,148,25,35
348,119,20,30
348,148,25,35
324,74,35,55
292,56,16,17
292,95,13,15
293,75,25,40
293,56,16,17
261,130,15,35
488,74,5,33
488,75,25,40
488,77,30,36
488,22,38,40
488,21,30,32
488,66,35,35
488,78,39,42
489,74,29,37
489,66,31,39
490,74,5,34
490,75,25,40
490,66,32,36
490,67,38,40
491,74,25,40
491,75,30,50
491,66,34,38
491,67,40,42
492,74,25,42
492,75,30,50
492,218,24,30
493,74,25,44
493,75,30,50
493,218,22,32
494,218,15,36
494,219,25,45
495,118,5,25
495,129,5,15
495,60,5,15
495,119,20,30
495,130,15,25
495,54,5,40
495,55,35,40
495,17,37,37
495,44,35,35
495,16,32,32
495,43,30,30
495,48,34,34
495,96,34,34
495,102,35,35
495,49,37,40
495,97,37,40
496,60,5,25
496,129,5,15
496,118,5,15
496,61,20,30
496,130,15,25
496,54,5,41
496,86,5,47
496,87,35,53
496,194,5,15
496,42,45,48
496,41,40,40
497,220,23,31
497,42,45,48
497,86,45,45
497,41,40,40
497,225,30,30
498,220,23,31
498,42,45,48
498,86,45,45
498,41,40,40
498,225,30,30
499,116,5,25
499,129,5,15
499,90,15,25
499,130,15,25
499,117,25,35
499,54,25,41
499,72,5,45
499,73,35,45
499,131,30,45
499,86,43,47
499,42,45,48
499,41,40,40
499,87,49,53
500,167,9,14
500,14,9,9
500,10,6,6
500,13,6,6
500,214,15,30
500,11,9,9
500,165,9,14
501,92,38,40
501,41,37,37
501,93,44,52
501,42,41,43
501,198,22,22
502,92,38,40
502,41,37,37
502,93,44,52
502,42,41,43
502,198,22,22
503,92,38,40
503,41,37,37
503,93,44,52
503,42,41,43
503,198,22,22
504,92,38,40
504,41,37,37
504,93,44,52
504,42,41,43
504,198,22,22
505,92,38,40
505,41,37,37
505,93,44,52
505,42,41,43
505,198,22,22
506,92,38,40
506,41,37,37
506,93,44,52
506,42,41,43
506,198,22,22
507,92,38,40
507,41,37,37
507,93,44,52
507,42,41,43
507,198,22,22
508,92,38,40
508,41,37,37
508,93,44,52
508,42,41,43
508,198,22,22
509,92,38,40
509,41,37,37
509,93,44,52
509,42,41,43
509,198,22,22
510,92,38,40
510,41,37,37
510,93,44,52
510,42,41,43
510,198,22,22
511,92,40,40
511,41,37,37
511,93,44,52
511,42,41,41
511,198,15,22
512,116,5,25
512,129,5,15
512,74,5,31
512,75,25,40
512,130,15,25
512,117,25,35
512,54,25,35
512,72,5,40
512,73,35,40
512,21,30,32
512,77,31,34
512,22,36,36
512,52,31,31
512,78,37,40
512,53,37,40
513,116,5,25
513,129,5,15
513,130,15,25
513,117,25,35
513,54,25,35
513,72,5,40
513,73,35,40
513,21,31,32
513,114,33,35
513,22,36,40
513,52,31,31
513,53,37,40
514,60,5,25
514,129,5,15
514,118,5,15
514,61,20,30
514,130,15,25
514,54,5,40
514,55,35,40
514,21,31,31
514,43,30,32
514,44,36,38
514,22,36,36
514,52,31,31
514,53,37,40
515,116,5,25
515,129,5,15
515,130,15,25
515,117,25,35
515,54,25,35
515,72,5,40
515,73,35,40
515,16,29,32
515,43,31,31
515,44,36,36
515,17,34,40
515,52,31,31
515,48,34,34
515,53,37,40
516,206,5,35
517,116,5,25
517,129,5,15
517,211,15,25
517,130,15,25
517,117,25,35
517,54,25,35
517,72,5,40
517,187,5,15
517,73,35,40
518,116,5,25
518,129,5,15
518,211,15,25
518,130,15,25
518,117,25,35
518,54,25,35
518,72,5,40
518,187,5,15
518,73,35,40
519,116,5,25
519,129,5,15
519,211,15,25
519,130,15,25
519,117,25,35
519,54,25,41
519,72,5,40
519,187,5,15
519,73,35,40
519,16,44,44
519,161,10,15
519,17,48,50
519,52,41,41
519,53,47,50
520,116,5,25
520,129,5,15
520,211,15,25
520,130,15,25
520,117,25,35
520,54,25,35
520,72,5,40
520,187,5,16
520,73,35,40
521,116,5,25
521,129,5,15
521,211,15,25
521,130,15,25
521,117,25,35
521,54,25,35
521,72,5,40
521,73,35,40
522,116,5,25
522,129,5,15
522,211,15,25
522,130,15,25
522,117,25,35
522,54,25,35
522,72,5,40
522,73,35,40
523,116,5,25
523,129,5,15
523,211,15,25
523,130,15,25
523,117,25,35
523,54,25,41
523,72,5,40
523,73,35,40
523,21,44,44
523,161,10,15
523,43,44,44
523,22,48,50
523,52,41,41
523,44,48,48
523,53,47,50
524,60,5,25
524,129,5,15
524,118,5,15
524,61,20,30
524,130,15,25
524,54,15,41
524,194,5,25
524,177,15,20
524,21,44,44
524,193,18,18
524,22,49,49
524,52,43,43
524,202,25,25
524,53,49,52
525,116,5,25
525,129,5,15
525,211,15,25
525,130,15,25
525,117,25,35
525,54,25,35
525,72,5,40
525,73,35,40
526,21,44,44
526,161,10,15
526,231,10,15
526,22,48,50
526,52,41,41
526,54,41,41
526,53,47,50
527,74,25,46
527,75,30,50
527,231,15,15
527,104,46,46
527,22,50,50
527,105,52,52
527,52,43,43
527,95,54,54
527,227,30,30
527,246,15,20
527,53,49,52
528,116,5,25
528,129,5,15
528,211,15,25
528,130,15,25
528,117,25,35
528,54,25,35
528,72,5,40
528,73,35,40
297,32,6,7
297,29,6,7
298,116,5,35
298,98,5,35
298,130,15,25
298,54,25,35
298,72,5,40
300,61,20,30
300,130,15,25
304,130,15,25
304,54,25,35
304,72,5,40
305,130,15,25
305,54,25,35
276,130,15,25
276,54,25,35
306,130,15,25
306,54,25,35
310,19,22,22
277,130,15,25
277,117,25,35
277,54,25,35
278,98,5,25
278,130,15,25
278,117,25,35
278,54,25,35
312,98,5,25
312,130,15,25
312,117,25,35
312,54,25,35
313,130,15,25
313,54,15,40
329,130,15,25
329,54,15,40
314,116,5,35
314,130,15,25
314,72,5,40
315,61,20,30
315,130,15,25
285,116,5,25
285,98,5,25
285,130,15,25
285,117,25,35
285,54,25,35
280,130,15,25
280,54,15,40
281,116,5,35
281,130,15,25
281,72,5,40
282,130,15,25
282,54,25,35
283,54,5,40
283,109,30,40
284,54,15,40
279,98,5,25
279,130,15,25
279,117,25,35
279,54,25,35
561,116,5,25
561,129,5,15
561,90,15,25
561,130,15,25
561,117,25,35
561,54,25,35
561,72,5,40
561,73,35,40
562,60,5,25
562,129,5,15
562,118,5,15
562,61,20,30
562,130,15,25
562,54,5,35
562,194,5,25
563,116,5,25
563,129,5,15
563,90,15,25
563,130,15,25
563,117,25,35
563,54,25,35
563,72,5,40
563,187,5,15
563,73,35,40
564,41,6,16
565,179,3,13
566,204,19,29
567,228,12,22
568,216,18,28
569,190,18,28
570,213,18,28
571,234,18,28
572,235,18,28
461,120,15,25
461,79,25,35
331,28,44,44
332,28,46,46
333,28,44,44
323,79,15,50
325,79,15,60
259,80,33,35
261,80,32,40
488,126,38,40
495,79,5,40
495,80,35,40
495,70,35,35
495,69,30,30
496,79,5,41
496,183,5,15
497,215,30,30
498,215,30,30
499,98,5,25
499,120,15,25
499,99,25,35
499,79,25,41
501,200,22,22
502,200,22,22
503,200,22,22
504,200,22,22
505,200,22,22
506,200,22,22
507,200,22,22
508,200,22,22
509,200,22,22
510,200,22,22
511,200,15,22
512,98,5,25
512,99,25,35
512,79,25,35
513,98,5,25
513,99,25,35
513,79,25,35
514,79,5,40
514,80,35,40
514,69,30,32
514,70,36,38
515,98,5,25
515,99,25,35
515,79,25,35
515,69,31,31
515,70,36,36
517,98,5,25
517,223,15,25
517,99,25,35
517,79,25,35
518,98,5,25
518,223,15,25
518,99,25,35
518,79,25,35
519,98,5,25
519,223,15,25
519,99,25,35
519,79,25,41
520,98,5,25
520,223,15,25
520,99,25,35
520,79,25,35
521,98,5,25
521,223,15,25
521,99,25,35
521,79,25,35
522,98,5,25
522,223,15,25
522,99,25,35
522,79,25,35
523,98,5,25
523,223,15,25
523,99,25,35
523,79,25,41
523,69,44,44
523,70,48,48
524,79,15,41
524,183,5,25
525,98,5,25
525,223,15,25
525,99,25,35
525,79,25,35
525,226,35,40
526,79,41,41
528,98,5,25
528,223,15,25
528,99,25,35
528,79,25,35
528,226,35,40
298,79,25,35
300,79,15,40
305,79,25,35
277,79,25,35
278,99,25,35
278,79,25,35
312,99,25,35
312,79,25,35
313,79,15,40
329,79,15,40
314,79,25,35
315,79,15,40
285,99,25,35
285,79,25,35
280,79,15,40
281,79,25,35
282,120,15,25
282,79,25,35
284,79,15,40
279,80,25,35
279,79,25,35
561,98,5,25
561,120,15,25
561,99,25,35
561,79,25,35
562,79,5,35
562,183,5,25
563,98,5,25
563,120,15,25
563,99,25,35
563,79,25,35
576,118,35,70
576,550,5,60
576,10016,5,60
576,119,35,70
577,98,35,55
577,170,35,60
577,370,35,60
577,99,35,70
577,171,45,70
577,592,10,25
577,594,10,30
577,593,10,30
578,339,35,60
578,618,15,60
578,340,35,70
578,537,15,60
578,536,30,57
578,616,30,57
579,505,47,67
579,510,47,67
579,20,48,65
579,517,8,66
579,166,49,49
579,168,49,49
579,402,48,50
579,49,48,50
579,531,8,59
579,518,11,59
579,504,8,11
579,509,8,11
580,20,47,67
580,402,47,50
580,517,48,66
580,168,49,49
580,166,49,49
581,535,12,17
581,519,12,15
581,532,13,16
581,539,12,65
581,531,12,57
581,538,12,65
582,546,14,65
582,541,22,64
582,520,23,24
582,544,23,65
582,531,14,64
582,511,15,55
582,513,15,55
582,515,15,55
582,547,17,57
582,118,35,70
582,550,5,60
582,10016,5,60
582,119,35,70
582,540,14,17
582,519,15,16
582,543,15,16
583,551,18,22
583,554,18,20
583,556,19,20
583,559,19,20
583,557,19,22
584,551,18,22
584,554,18,20
584,556,19,20
584,561,19,20
584,557,19,22
585,551,18,22
585,562,18,22
586,552,34,37
586,563,34,37
587,552,29,50
587,28,28,49
587,563,48,50
587,95,48,49
588,344,47,50
589,507,21,27
589,572,20,24
589,532,21,26
589,582,20,27
589,531,20,23
589,573,23,23
589,508,23,23
590,529,24,28
590,595,24,28
590,599,25,28
590,525,24,25
590,597,24,27
590,602,27,28
591,529,24,31
591,595,24,31
591,599,25,31
591,525,24,28
591,597,25,30
591,602,27,31
592,529,24,31
592,595,24,31
592,599,25,31
592,525,24,28
592,597,26,31
592,602,27,31
593,529,28,31
593,525,28,55
593,613,28,31
593,533,28,55
593,527,28,54
593,615,28,57
594,583,35,65
594,586,34,65
594,619,30,66
594,614,37,66
594,531,30,58
594,587,31,56
594,521,33,58
594,520,30,58
594,582,31,33
594,585,30,32
594,613,33,33
594,621,31,58
595,520,31,66
595,583,35,65
595,586,34,66
595,619,30,37
595,614,37,66
595,621,31,66
595,531,30,57
595,587,31,56
595,521,33,57
595,147,35,70
595,550,15,60
595,148,35,70
595,10016,15,60
595,149,50,70
595,582,31,33
595,585,30,32
595,613,33,33
596,622,30,33
596,619,33,33
596,621,30,58
597,622,30,33
598,629,37,40
598,631,37,40
598,619,38,40
598,611,40,40
599,530,37,40
599,60,35,55
599,550,20,60
599,61,35,70
599,10016,20,60
599,62,45,70
599,632,37,40
599,525,39,39
599,633,38,40
599,527,37,37
599,619,39,39
600,530,37,40
600,632,37,40
600,525,37,39
600,527,37,40
600,619,39,39
601,530,37,40
601,632,37,40
601,525,37,39
601,527,37,40
601,619,39,39
602,530,39,42
602,632,39,42
602,525,39,41
602,527,39,42
602,619,41,41
603,530,37,40
603,632,37,40
603,525,37,39
603,527,37,40
603,619,39,39
604,530,37,40
604,60,35,55
604,550,20,60
604,61,35,70
604,10016,20,60
604,62,45,70
604,632,37,40
604,525,39,39
604,633,38,40
604,527,37,37
604,619,39,39
605,530,37,40
605,632,37,40
605,525,37,39
605,527,37,40
605,619,39,39
606,530,37,40
606,632,37,40
606,525,37,39
606,527,37,40
606,619,39,39
607,530,37,40
607,632,37,40
607,525,37,39
607,527,37,40
607,619,39,39
608,530,39,42
608,632,39,42
608,525,39,41
608,527,39,42
608,619,41,41
609,530,39,42
609,632,39,42
609,525,39,41
609,527,39,42
609,619,41,41
610,530,39,42
610,632,39,42
610,525,39,41
610,527,39,42
610,619,41,41
611,530,39,42
611,632,39,42
611,525,39,41
611,527,39,42
611,619,41,41
612,530,39,42
612,632,39,42
612,525,39,41
612,527,39,42
612,619,41,41
613,530,39,42
613,632,39,42
613,525,39,41
613,527,39,42
613,619,41,41
614,114,44,59
614,277,47,57
614,42,48,60
614,337,45,58
614,338,46,58
614,426,49,59
614,359,48,60
614,531,44,50
614,587,48,48
614,169,50,50
614,465,47,50
615,530,44,50
615,60,35,70
615,550,25,60
615,61,35,70
615,10016,25,60
615,62,45,70
615,86,25,60
615,87,35,70
615,42,47,47
615,221,44,49
615,215,44,48
615,225,47,48
615,337,46,50
615,338,46,50
615,525,49,49
615,124,48,50
616,35,45,64
616,221,44,64
616,132,45,65
616,337,46,65
616,338,46,65
616,375,45,65
616,531,44,55
616,473,47,55
616,36,47,55
616,376,47,55
617,530,57,60
617,60,35,55
617,550,25,60
617,61,35,70
617,10016,25,60
617,62,45,70
617,86,25,60
617,87,35,70
617,42,57,57
617,221,44,59
617,215,58,58
617,225,44,58
617,337,46,60
617,338,46,60
617,525,59,59
617,124,58,60
618,531,28,59
618,508,31,59
618,456,35,55
618,116,35,55
618,117,35,60
618,211,35,60
618,457,35,70
618,230,45,70
618,592,5,60
618,594,5,60
618,593,5,60
618,505,28,56
618,507,28,56
618,599,29,31
618,559,29,31
619,223,30,60
619,90,35,60
619,370,35,60
619,224,35,70
619,91,45,70
619,278,25,55
619,458,25,55
619,363,25,55
619,279,25,55
619,320,25,60
619,364,25,60
619,226,30,70
619,321,30,70
619,365,30,70
620,580,22,26
621,55,36,59
621,400,47,59
621,335,37,60
621,336,37,60
621,630,58,60
621,531,36,50
621,587,37,48
621,318,35,70
621,550,25,70
621,10016,25,70
621,319,35,70
621,131,30,70
621,629,48,50
622,581,47,57
623,505,32,67
623,507,32,67
623,559,32,35
623,531,2,59
623,550,5,70
623,349,35,70
623,10016,5,70
623,350,45,70
623,504,2,4
623,506,2,4
624,531,4,59
624,504,4,7
624,506,4,7
624,509,4,5
625,504,8,10
625,519,8,13
625,522,8,13
625,506,9,11
625,509,9,65
625,531,8,58
625,118,35,70
625,550,5,60
625,10016,5,60
625,119,35,70
626,529,10,13
626,60,35,70
626,550,5,60
626,61,35,60
626,10016,5,60
626,62,35,60
626,524,10,13
626,527,10,58
627,98,35,55
627,366,35,60
627,370,35,60
627,369,35,70
627,99,35,70
627,367,45,70
627,592,5,15
627,594,5,20
627,593,5,20
627,551,14,18
627,554,14,18
627,559,16,17
628,574,19,26
628,572,19,26
628,568,19,26
628,510,20,26
628,531,19,24
628,587,20,22
628,573,22,24
629,585,22,28
629,588,22,29
629,520,23,29
629,582,23,29
629,590,23,29
629,541,23,29
629,531,22,25
629,587,23,25
629,521,25,26
629,542,25,26
629,60,35,70
629,550,10,60
629,61,35,70
629,10016,10,60
629,186,45,70
630,529,27,31
630,525,27,31
630,527,27,30
630,610,29,31
631,529,27,31
631,525,27,31
631,527,27,30
631,610,29,31
632,520,26,35
632,613,26,36
632,585,26,33
632,505,27,36
632,523,27,36
632,590,27,36
632,531,26,33
632,587,27,31
632,521,29,33
633,607,26,30
634,607,26,31
634,605,26,31
635,607,26,32
635,605,26,32
636,607,26,33
636,605,26,33
637,339,35,60
637,618,15,60
637,340,35,70
637,537,15,60
637,536,30,60
637,616,30,57
638,339,35,60
638,618,15,60
638,340,35,70
638,537,15,60
638,536,30,57
638,616,30,57
639,575,31,43
639,572,32,43
639,569,31,44
639,624,31,44
639,510,33,44
639,531,31,40
639,587,32,38
639,573,34,40
639,576,34,40
640,530,47,50
640,525,48,48
640,527,47,47
640,75,47,49
640,302,49,49
640,108,49,50
640,303,49,49
641,530,47,50
641,525,48,48
641,527,47,47
641,75,47,49
641,302,49,49
641,108,49,50
641,303,49,49
641,447,49,50
642,530,47,50
642,60,35,55
642,550,25,70
642,61,35,70
642,10016,25,70
642,62,45,70
642,525,48,48
642,527,47,47
642,75,47,49
642,302,49,49
642,108,49,49
642,303,49,49
642,447,49,50
643,507,33,39
643,629,34,41
643,626,34,40
643,591,39,40
643,539,33,41
643,531,33,36
643,587,34,34
643,508,36,36
643,538,33,41
643,590,34,35
644,507,33,39
644,629,34,41
644,626,34,40
644,591,38,40
644,539,33,41
644,531,33,36
644,587,34,34
644,508,36,36
644,538,33,41
644,590,33,35
645,630,58,60
645,55,36,57
645,207,37,60
645,591,37,58
645,335,38,58
645,336,38,58
645,588,36,59
645,625,60,60
645,531,36,50
645,587,37,48
645,472,39,50
645,118,35,70
645,550,25,60
645,10016,25,60
645,119,35,70
645,418,25,60
645,419,30,70
645,629,48,50
645,624,50,50
646,415,35,57
646,191,47,57
646,78,49,59
646,520,36,60
646,421,48,58
646,14,48,59
646,214,36,60
646,127,36,60
646,206,36,59
646,531,35,50
646,587,36,48
646,521,38,50
646,15,50,50
646,416,38,50
646,192,50,50
647,114,34,59
647,277,47,57
647,42,48,60
647,337,36,58
647,338,36,58
647,426,34,59
647,359,35,60
647,531,34,50
647,587,35,48
647,169,50,50
647,465,37,50
647,98,35,55
647,90,35,70
647,370,35,70
647,99,35,70
647,91,45,70
647,278,25,55
647,120,25,60
647,279,25,55
647,222,25,60
647,121,30,70
648,55,34,57
648,39,48,58
648,357,48,60
648,620,59,59
648,334,36,59
648,426,34,59
648,213,49,59
648,606,48,60
648,531,33,50
648,587,34,48
648,40,50,50
648,118,35,70
648,550,15,60
648,10016,15,60
648,119,35,70
648,418,15,60
648,419,25,70
648,619,33,49
649,37,34,57
649,358,47,59
649,546,33,58
649,234,48,58
649,164,48,60
649,198,48,58
649,437,36,60
649,531,33,50
649,587,34,48
649,430,50,50
649,547,36,50
649,38,36,50
649,118,35,70
649,550,25,60
649,10016,25,60
649,119,35,70
649,79,25,60
649,80,35,70
649,199,35,70
650,105,47,57
650,22,48,60
650,207,47,65
650,115,49,59
650,539,48,65
650,247,48,65
650,505,60,60
650,531,47,57
650,587,48,55
650,538,48,65
650,472,50,57
650,248,50,57
651,574,19,26
651,572,19,26
651,568,19,26
651,510,20,26
651,531,19,24
651,587,20,22
651,573,22,24
652,546,19,26
652,541,20,26
652,520,21,25
652,543,20,24
652,531,19,23
652,587,20,22
652,511,20,22
652,513,20,22
652,515,20,22
652,521,22,22
652,542,22,24
652,547,22,24
652,118,35,70
652,550,5,60
652,10016,5,60
653,559,28,35
653,558,34,65
653,505,28,64
653,539,29,67
653,531,28,59
653,538,29,67
653,456,35,70
653,116,35,60
653,170,35,55
653,117,35,70
653,211,35,60
653,457,35,70
653,230,45,70
653,592,5,60
653,594,5,60
653,593,5,60
653,557,30,31
654,223,35,55
654,90,35,70
654,370,35,70
654,224,35,70
654,91,45,70
654,278,25,55
654,458,25,55
654,279,25,55
654,320,25,60
654,222,25,60
654,226,35,70
655,456,35,70
655,116,35,60
655,117,35,70
655,211,35,60
655,457,35,70
655,230,45,70
655,592,5,60
655,594,5,60
655,593,5,60
582,548,14,65
582,549,17,57
598,627,37,40
621,628,58,60
621,627,48,50
627,368,45,70
628,577,19,26
639,578,31,43
639,579,34,40
643,627,34,41
644,627,34,41
645,628,58,60
645,627,48,50
646,11,48,59
646,12,50,50
649,548,33,58
649,200,48,58
649,429,50,50
649,549,36,50
651,577,19,26
652,548,19,26
652,549,22,24
576,341,45,60
576,342,50,60
656,19,15,17
656,546,15,18
656,519,15,17
656,427,15,17
656,133,10,19
656,531,15,18
656,428,18,18
656,547,18,18
578,453,55,56
578,588,54,57
657,118,40,70
657,550,5,60
657,10016,5,60
657,119,50,70
658,456,40,70
658,98,40,60
658,211,50,70
658,457,40,60
658,99,50,70
658,592,5,15
658,594,5,15
658,593,5,15
659,370,40,70
659,90,40,70
659,91,50,70
659,592,30,45
659,120,30,45
659,550,35,45
659,593,35,45
659,222,35,45
659,10016,35,45
659,121,35,45
579,39,57,65
579,42,57,66
579,206,57,57
579,40,59,59
579,169,59,59
580,42,64,67
580,505,65,65
580,39,65,65
580,510,65,66
581,536,54,65
581,533,54,64
581,454,55,63
581,193,55,63
581,469,57,57
581,537,57,57
582,288,55,65
582,545,57,57
582,289,57,57
582,183,45,60
582,184,50,60
583,27,19,20
584,27,19,20
584,328,21,21
585,27,19,20
587,562,27,30
587,551,27,28
588,343,27,30
590,299,27,27
591,299,30,30
592,299,30,30
593,530,54,57
593,95,54,57
593,208,57,57
593,614,54,56
593,631,55,56
593,632,56,57
594,620,56,66
594,584,58,58
595,620,56,66
595,584,57,57
596,623,55,58
596,620,55,55
597,623,55,58
660,530,47,50
660,525,47,50
661,60,40,55
661,550,35,60
661,61,40,60
661,10016,35,60
661,62,50,60
661,183,35,50
661,184,40,50
661,354,47,50
661,623,48,50
662,546,47,55
662,315,48,55
662,531,47,50
662,206,49,49
662,547,50,50
662,407,50,50
663,520,47,55
663,334,49,55
663,531,47,50
663,206,49,49
663,521,50,50
663,60,40,70
663,550,35,60
663,61,40,70
663,10016,35,60
663,186,50,70
663,418,35,50
663,419,40,50
664,530,41,44
664,95,41,44
664,525,41,44
665,530,47,50
665,95,47,50
665,60,40,70
665,550,35,60
665,61,40,70
665,10016,35,70
665,62,50,70
665,183,35,60
665,184,40,70
665,525,47,50
666,533,47,55
666,538,48,55
666,531,47,50
666,539,50,50
667,530,47,50
667,95,47,47
667,621,47,50
667,634,49,50
668,60,40,70
668,550,35,60
668,61,40,70
668,10016,35,60
668,62,50,70
668,183,35,50
668,184,40,50
668,354,47,50
668,623,48,50
669,520,47,55
669,334,49,55
669,531,47,50
669,206,49,49
669,521,50,50
669,60,40,70
669,550,35,60
669,61,40,70
669,10016,35,60
669,186,50,70
669,418,35,50
669,419,40,50
670,530,47,50
670,95,47,47
670,621,47,50
670,634,49,50
614,279,45,50
614,35,45,52
614,583,45,52
614,225,44,49
614,36,47,47
614,584,47,47
615,583,45,47
615,35,44,46
616,225,44,49
617,35,45,50
617,132,45,52
617,375,45,52
617,531,44,47
617,473,47,47
617,36,47,47
617,376,47,47
671,88,5,70
671,89,5,70
671,19,14,17
671,41,14,17
672,88,5,70
672,89,5,70
672,19,14,17
672,41,14,17
618,462,59,59
618,601,59,59
618,110,57,58
618,82,57,59
618,600,57,59
618,560,57,58
619,170,40,70
619,171,50,70
619,592,25,40
619,593,25,40
673,60,40,70
673,550,5,60
673,61,40,70
673,10016,5,60
673,186,50,70
673,298,5,15
673,183,5,15
673,184,5,15
674,531,4,7
674,206,5,5
674,60,40,70
674,550,5,60
674,61,40,70
674,10016,5,60
674,186,50,70
674,298,5,15
674,183,5,15
674,184,5,15
674,506,4,7
674,504,5,5
674,179,5,5
674,54,5,5
674,519,7,7
674,447,5,7
675,531,10,13
675,456,40,70
675,98,40,60
675,211,50,70
675,457,40,60
675,99,50,70
675,592,5,15
675,594,5,15
675,593,5,15
675,504,10,13
675,519,10,13
675,240,10,11
675,81,10,11
676,240,10,13
676,81,10,13
676,504,10,14
676,109,10,14
676,58,11,14
676,531,10,13
677,451,31,37
677,326,33,37
677,227,34,38
677,426,32,37
677,329,38,38
677,531,31,34
677,325,31,31
677,328,32,34
678,530,32,35
678,325,31,31
678,527,32,35
678,525,32,35
678,451,33,35
678,326,35,35
679,530,32,35
679,326,35,35
679,527,32,35
679,525,32,35
679,451,33,35
679,325,31,31
680,530,32,35
680,325,31,31
680,527,32,35
680,525,32,35
680,451,33,35
680,326,35,35
681,530,32,35
681,325,31,31
681,527,32,35
681,525,32,35
681,451,33,35
681,326,35,35
682,530,32,35
682,325,31,31
682,527,32,35
682,525,32,35
682,451,33,35
682,326,35,35
683,530,32,35
683,325,31,31
683,527,32,35
683,525,32,35
683,451,33,35
683,326,35,35
684,530,32,35
684,325,31,31
684,527,32,35
684,525,32,35
684,451,33,35
684,326,35,35
685,530,32,35
685,326,35,35
685,527,32,35
685,525,32,35
685,451,33,35
685,325,31,31
686,530,32,35
686,325,31,31
686,527,32,35
686,525,32,35
686,451,33,35
686,326,35,35
687,530,32,35
687,325,31,31
687,527,32,35
687,525,32,35
687,451,33,35
687,326,35,35
688,530,32,35
688,325,31,31
688,527,32,35
688,525,32,35
688,451,33,35
688,326,35,35
689,530,32,35
689,325,31,31
689,527,32,35
689,525,32,35
689,451,33,35
689,326,35,35
690,607,31,33
690,574,31,31
690,20,32,33
690,42,32,33
690,354,32,34
690,575,34,34
691,607,31,31
691,574,31,31
691,20,32,33
691,42,32,33
691,575,33,34
691,354,32,34
692,529,16,19
692,95,16,18
692,524,16,18
692,527,16,18
692,532,17,18
692,19,17,17
693,529,27,30
693,95,27,30
693,60,40,70
693,550,10,60
693,61,40,70
693,10016,10,60
693,62,50,70
693,183,10,30
693,184,10,30
693,525,27,30
693,527,27,30
693,533,28,30
693,20,29,29
694,529,27,30
694,95,27,30
694,525,27,30
694,527,27,30
694,533,28,30
695,530,54,57
695,95,54,57
695,208,57,57
695,60,50,70
695,550,45,60
695,61,50,60
695,10016,45,60
695,62,60,60
695,525,54,56
695,632,54,54
695,527,54,54
695,305,55,57
695,299,55,57
696,530,54,57
696,95,54,57
696,208,57,57
696,525,54,56
696,632,54,54
696,527,54,54
696,305,55,57
696,299,55,57
697,530,54,57
697,95,54,57
697,208,57,57
697,525,54,56
697,632,54,54
697,527,54,54
697,305,55,57
697,299,55,57
698,530,54,57
698,95,54,57
698,208,57,57
698,525,54,56
698,632,54,54
698,527,54,54
698,305,55,57
698,299,55,57
699,530,54,57
699,95,54,57
699,208,57,57
699,525,54,56
699,632,54,54
699,527,54,54
699,305,55,57
699,299,55,57
700,530,34,37
700,370,40,70
700,90,40,70
700,91,50,70
700,592,25,40
700,86,25,40
700,593,25,40
700,87,30,40
700,527,34,36
700,55,34,36
700,525,35,37
700,602,37,37
701,530,39,42
701,527,39,41
701,525,39,42
701,55,40,40
701,603,42,42
701,213,41,41
702,274,56,65
702,334,56,64
702,55,57,65
702,164,58,66
702,203,58,67
702,611,57,67
702,352,57,67
702,531,56,59
702,206,57,57
702,275,59,59
702,129,1,100
702,550,40,60
702,10016,40,60
702,130,1,100
702,418,45,60
702,419,50,60
621,183,25,42
621,206,37,37
621,184,30,40
623,39,57,65
623,560,66,67
623,206,57,57
623,508,59,59
623,40,59,59
624,206,57,57
624,463,59,59
624,508,59,59
624,40,59,59
624,505,56,59
624,507,56,59
624,39,57,57
624,108,58,58
624,510,57,58
625,505,55,63
625,520,55,65
625,523,56,66
625,193,56,64
625,507,57,65
625,469,58,58
625,521,58,58
625,508,58,58
625,341,45,60
625,342,50,60
626,530,55,58
626,525,55,58
627,456,40,70
627,211,40,70
627,457,40,60
627,568,14,17
629,616,23,29
629,183,10,35
629,206,25,25
629,184,10,35
629,351,26,26
630,304,29,30
631,304,29,30
632,335,32,35
632,336,32,35
634,42,31,31
635,42,32,32
636,42,33,33
637,453,55,56
637,588,54,57
638,453,55,56
638,588,54,57
639,89,40,44
645,616,36,43
645,183,36,40
645,184,39,39
646,315,35,41
646,540,36,42
646,542,38,38
646,407,38,38
647,592,25,40
647,550,30,40
647,593,25,40
647,10016,30,40
648,359,34,40
648,333,33,33
649,334,36,40
649,183,25,40
649,55,34,38
649,184,30,40
649,333,33,33
649,436,32,32
650,28,54,64
650,560,55,63
652,415,22,24
652,544,23,23
652,315,23,26
652,214,24,26
652,416,24,24
652,407,24,24
652,60,40,70
652,61,40,70
652,186,50,70
652,418,10,30
652,419,10,30
653,560,57,66
653,357,58,66
653,455,58,66
653,206,57,57
653,222,60,70
703,504,2,4
703,60,40,70
703,550,5,60
703,61,40,70
703,10016,5,60
703,186,50,70
703,509,2,4
704,519,2,10
704,191,2,11
704,543,10,10
704,504,3,10
704,509,3,11
704,540,2,11
704,531,2,4
704,206,3,3
704,60,40,70
704,550,5,60
704,61,40,70
704,10016,5,60
704,186,50,70
704,298,5,15
704,183,5,15
704,184,5,15
705,591,39,44
705,619,39,47
705,279,40,45
705,55,40,45
705,337,41,46
705,338,41,46
705,183,15,47
705,225,39,44
705,531,39,42
705,587,40,40
705,184,25,45
705,118,40,70
705,550,15,60
705,10016,15,60
705,119,50,70
706,626,49,56
706,539,48,54
706,207,49,54
706,620,53,53
706,591,49,54
706,55,50,55
706,629,47,52
706,531,48,51
706,587,49,49
706,472,51,51
706,538,48,54
706,60,40,70
706,550,40,60
706,61,40,70
706,10016,40,60
706,62,50,70
706,418,40,55
706,419,45,55
706,619,48,48
654,592,25,40
654,120,25,40
654,550,30,40
654,593,25,40
654,10016,30,40
654,121,30,40
707,370,40,70
707,223,35,70
707,224,50,70
707,592,30,45
707,458,30,45
707,593,30,45
707,594,30,45
707,226,35,45
656,548,15,18
656,300,15,17
656,301,18,18
656,549,18,18
662,548,47,55
662,549,50,50
675,239,10,11
676,239,10,13
677,323,33,37
677,322,31,31
678,322,31,31
678,323,35,35
679,323,35,35
679,322,31,31
680,322,31,31
680,323,35,35
681,322,31,31
681,323,35,35
682,322,31,31
682,323,35,35
683,322,31,31
683,323,35,35
684,322,31,31
684,323,35,35
685,323,35,35
685,322,31,31
686,322,31,31
686,323,35,35
687,322,31,31
687,323,35,35
688,322,31,31
688,323,35,35
689,322,31,31
689,323,35,35
690,577,31,31
690,578,34,34
691,577,31,31
691,578,33,34
627,572,14,17
652,127,24,26
706,627,47,52
708,271,44,46
708,419,44,46
708,60,25,25
708,10016,35,45
708,61,35,45
708,550,35,45
709,72,25,27
709,320,25,27
709,557,13,20
709,688,13,20
709,370,15,15
709,692,25,25
709,116,25,25
709,369,35,35
709,693,35,35
709,117,35,35
710,72,25,27
710,320,25,27
710,557,13,17
710,95,15,17
710,370,15,15
710,692,25,25
710,116,25,25
710,369,35,35
710,693,35,35
710,117,35,35
711,72,25,27
711,458,27,27
711,370,15,15
711,223,25,25
711,170,25,25
711,594,35,35
711,224,35,35
711,171,35,35
712,60,15,15
712,10016,25,35
712,61,25,35
712,550,25,35
713,659,2,3
713,263,3,4
713,661,2,3
713,16,3,4
713,664,2,3
713,13,3,4
714,659,3,4
714,399,3,4
714,661,3,5
714,16,4,4
714,412,5,5
714,298,5,5
714,206,5,5
714,25,4,5
714,284,25,27
714,183,25,27
714,129,15,15
714,118,25,25
714,341,25,25
714,130,35,35
714,119,35,35
714,342,35,35
715,669,6,8
715,415,6,8
715,406,8,8
715,165,6,8
715,300,8,8
715,280,8,8
716,659,8,10
716,676,8,10
716,674,8,10
716,672,8,10
716,84,10,10
716,316,10,10
716,63,10,10
716,311,9,10
717,43,10,12
717,161,10,11
717,290,12,12
717,677,11,12
717,679,11,12
717,352,11,12
718,453,12,14
718,313,13,13
718,314,13,13
718,684,14,14
718,235,14,14
718,580,14,14
718,315,14,14
718,669,12,14
719,425,13,15
719,325,13,15
719,359,13,15
719,619,13,15
719,686,14,15
719,335,14,14
719,371,14,15
719,72,25,27
719,320,25,27
719,557,13,20
719,688,13,20
719,370,15,15
719,692,25,25
719,120,25,25
719,211,35,35
719,693,35,35
719,121,35,35
720,551,15,17
720,449,15,17
720,694,15,17
721,622,19,21
721,561,19,21
721,701,19,21
721,209,19,21
721,228,19,21
721,133,19,21
721,587,19,20
722,297,22,23
722,539,22,23
722,397,22,23
722,434,21,21
722,433,21,21
722,33,21,21
722,30,21,21
722,702,21,22
723,79,23,27
723,441,23,27
723,241,25,27
723,128,25,27
723,102,24,26
723,127,25,27
723,417,23,26
723,72,25,27
723,458,27,27
723,131,27,30
723,557,23,25
723,688,23,25
723,370,15,15
723,223,25,25
723,366,25,25
723,222,35,35
723,224,35,35
723,367,35,35
724,51,26,28
724,328,26,28
724,443,26,28
724,75,26,28
724,218,26,28
725,451,30,31
725,70,31,32
725,195,30,32
725,704,30,32
725,588,30,30
725,616,30,30
725,455,30,32
725,93,31,31
725,618,30,32
725,60,15,15
725,339,25,35
725,61,35,35
725,340,35,35
726,262,34,36
726,451,34,36
726,624,34,36
726,505,34,36
726,590,34,35
726,707,34,36
726,271,34,36
726,419,34,36
726,60,15,15
726,10016,25,35
726,61,25,35
726,550,25,35
727,70,35,36
727,451,34,35
727,419,34,36
727,708,35,35
727,590,34,36
727,707,34,36
727,710,34,35
727,10027,35,36
727,10028,36,36
727,10029,36,36
727,271,34,36
727,60,15,15
727,10016,25,35
727,61,25,35
727,550,25,35
728,459,38,39
728,215,38,40
728,225,38,40
728,460,40,40
729,533,44,46
729,324,44,46
729,28,44,46
729,305,44,46
729,632,44,44
729,75,44,46
729,631,45,46
729,213,44,46
730,195,46,48
730,705,46,48
730,70,46,48
730,452,46,48
730,588,47,47
730,616,47,47
730,93,47,47
730,455,46,48
730,618,46,48
730,60,25,25
730,339,35,35
730,61,35,45
730,340,45,45
730,186,50,50
731,164,48,50
731,39,48,50
731,709,48,50
731,575,48,50
731,591,48,50
731,571,48,50
732,419,50,52
732,334,50,51
732,327,50,52
732,217,50,52
732,123,50,52
732,271,50,52
732,60,30,30
732,550,40,50
732,61,40,50
732,147,40,40
732,148,50,50
733,659,5,6
733,667,5,25
733,54,6,27
733,399,6,6
733,298,6,7
733,83,7,26
733,206,7,26
733,447,6,26
733,400,26,27
733,660,27,27
733,184,25,27
733,129,15,15
733,118,25,25
733,318,25,25
733,130,35,35
733,119,35,35
733,319,35,35
734,664,2,3
734,13,2,3
734,661,4,4
734,511,4,4
734,513,4,4
734,515,4,4
734,10,2,3
734,25,3,4
734,14,4,4
735,129,15,15
735,118,25,25
735,341,25,25
735,130,35,35
735,119,35,35
735,342,35,35
736,66,15,17
736,111,17,17
736,95,17,17
736,104,15,16
736,338,17,17
736,337,17,17
736,115,17,17
736,303,15,16
737,557,15,17
737,95,15,17
738,122,22,23
738,577,22,23
738,524,21,22
738,703,23,23
738,433,21,22
738,202,22,22
738,302,22,23
739,122,22,23
739,577,22,23
739,524,21,22
739,703,23,23
739,433,21,22
739,202,22,22
739,302,22,23
740,122,22,23
740,577,22,23
740,524,21,22
740,703,23,23
740,433,21,22
740,202,22,22
740,302,22,23
741,122,22,23
741,577,22,23
741,524,21,22
741,703,23,23
741,433,21,22
741,202,22,22
741,302,22,23
742,61,30,40
742,419,38,40
742,60,20,20
742,10016,30,40
742,550,30,40
743,221,38,39
743,712,39,40
743,614,39,40
743,124,39,40
743,93,38,40
743,615,40,40
744,221,38,39
744,712,39,40
744,614,39,40
744,124,39,40
744,93,38,40
744,615,40,40
744,61,30,40
744,419,38,40
744,60,20,20
744,10016,30,40
744,550,30,40
745,221,38,39
745,712,39,40
745,614,39,40
745,124,39,40
745,93,38,40
745,615,40,40
746,221,38,39
746,712,39,40
746,614,39,40
746,124,39,40
746,93,38,40
746,615,40,40
747,575,48,50
747,132,48,50
747,39,48,50
747,164,48,50
747,591,49,50
747,571,48,50
747,271,48,50
747,61,40,50
747,60,30,30
747,10016,40,50
747,550,40,50
748,533,57,59
748,621,58,59
748,93,58,58
748,75,57,59
748,108,58,59
748,634,59,59
748,61,45,59
748,419,57,59
748,213,57,59
748,60,35,35
748,10016,45,55
748,550,45,55
749,533,57,59
749,621,58,59
749,93,58,58
749,75,57,59
749,108,58,59
749,634,59,59
749,213,57,59
750,533,57,59
750,621,58,59
750,93,58,58
750,75,57,58
750,108,58,59
750,634,59,59
751,271,57,59
751,419,57,59
751,60,35,35
751,10016,45,55
751,61,45,55
751,550,45,55
752,533,57,59
752,621,58,59
752,93,58,58
752,75,57,58
752,108,58,59
752,634,59,59
752,61,45,59
752,419,57,59
752,60,35,35
752,10016,45,55
752,550,45,55
752,62,60,60
753,293,13,15
753,307,13,15
753,41,13,15
753,610,13,15
754,305,45,46
754,28,45,46
754,632,44,46
754,75,44,46
754,213,44,46
755,305,45,46
755,28,45,46
755,632,44,46
755,75,44,46
755,213,44,46
756,305,45,46
756,28,45,46
756,632,44,46
756,75,44,46
756,213,44,46
757,305,45,46
757,28,45,46
757,632,44,46
757,75,44,46
758,305,45,46
758,28,45,46
758,632,44,46
758,75,44,46
759,82,37,38
759,624,36,37
759,607,37,38
759,101,37,38
759,707,36,38
760,79,25,27
760,441,25,27
760,686,26,27
760,102,26,26
760,72,25,27
760,458,27,27
760,131,27,27
760,557,23,25
760,688,23,25
760,370,15,15
760,223,25,25
760,170,25,25
760,594,35,35
760,224,35,35
760,171,35,35
709,690,25,25
709,691,35,35
710,688,13,15
710,690,25,25
710,691,35,35
713,10,3,4
716,312,9,10
718,682,14,14
719,336,14,14
719,690,25,25
719,90,25,25
719,691,35,35
719,91,35,35
721,309,19,21
722,538,22,23
723,214,25,27
723,368,35,35
726,510,34,36
729,247,44,46
734,11,4,4
754,247,45,46
755,247,45,46
756,247,45,46
757,247,45,46
758,247,45,46
285,1,5,5
285,4,5,5
285,7,5,5
285,25,5,5
281,1,10,10
314,4,10,10
282,7,10,10
761,129,5,5
762,106,25,30
762,107,25,30
763,133,25,25
764,131,15,25
184,152,5,5
184,155,5,5
184,158,5,5
765,21,10,20
766,133,5,20
767,213,15,15
240,236,10,10
393,252,5,5
393,255,5,5
393,258,5,5
768,351,25,30
769,374,1,5
770,152,5,5
770,155,5,5
770,158,5,5
135,387,5,5
135,390,5,5
135,393,5,5
141,387,5,5
141,390,5,5
141,393,5,5
771,133,5,20
772,137,25,25
773,213,15,15
764,252,5,5
764,255,5,5
764,258,5,5
774,495,5,5
774,498,5,5
774,501,5,5
579,511,10,10
579,513,10,10
579,515,10,10
775,570,10,10
622,129,5,5
657,495,5,5
657,498,5,5
657,501,5,5
577,570,25,25
776,585,30,30
777,147,1,1
777,443,1,1
778,650,5,5
778,653,5,5
778,656,5,5
779,1,10,10
779,4,10,10
779,7,10,10
736,696,20,20
736,698,20,20
780,448,32,32
781,25,20,20
782,25,20,20
783,25,20,20
784,25,20,20
785,381,30,30
785,380,30,30
393,152,5,5
393,155,5,5
393,158,5,5
393,495,5,5
393,498,5,5
393,501,5,5
393,387,5,5
393,390,5,5
393,393,5,5
786,323,40,40
786,319,40,40
189,175,5,5
205,172,5,5
205,173,5,5
205,174,5,5
205,236,5,5
205,238,5,5
205,239,5,5
205,240,5,5
787,360,1,5
518,175,5,5
788,175,1,1
789,440,1,1
124,447,1,1
790,175,1,1
791,179,1,1
791,194,1,1
791,218,1,1
653,636,1,1
792,440,1,1
787,175,1,1
273,95,48,48
296,25,4,4
311,198,28,28
252,39,3,5
232,129,10,20
251,147,20,40
232,116,15,40
251,148,40,40
232,99,40,40
232,117,20,40
232,73,20,24
253,98,15,15
253,213,15,15
225,213,15,15
253,216,2,2
254,217,20,30
254,216,20,20
204,16,7,7
204,48,5,5
204,163,7,7
292,105,12,12
292,93,17,17
293,93,15,15
293,42,15,15
269,24,42,42
269,42,40,44
270,126,45,45
263,67,48,48
263,47,46,48
273,75,48,48
273,247,20,20
237,42,13,13
237,20,16,16
238,20,14,15
238,42,15,15
238,183,15,15
240,42,17,17
240,183,16,24
239,183,25,29
207,29,12,12
207,32,12,12
207,165,14,14
207,54,12,12
207,167,14,14
207,48,10,10
295,20,6,6
297,20,10,10
297,35,6,6
298,20,10,10
298,35,6,6
299,209,13,13
299,163,13,13
299,164,15,15
300,209,13,13
300,20,15,15
300,210,15,15
300,96,13,13
301,209,18,18
302,209,17,17
303,105,18,18
303,48,15,15
303,49,15,15
303,41,15,15
304,105,15,15
304,48,15,15
304,49,15,15
304,41,15,15
305,187,14,16
305,52,15,15
305,164,16,16
306,49,25,25
314,12,14,14
314,44,14,14
315,12,14,14
315,163,10,10
315,164,12,14
287,164,28,32
288,164,28,32
289,24,42,42
289,42,40,42
185,187,3,3
187,187,4,4
187,41,3,3
188,187,5,5
188,41,4,4
188,92,5,5
192,16,7,7
192,163,7,7
192,92,7,7
201,74,6,6
205,209,10,10
205,16,12,12
205,39,12,12
205,163,12,12
206,209,12,12
206,58,13,13
206,39,12,12
206,52,13,13
209,69,5,5
209,165,4,4
209,167,4,4
209,92,5,5
210,164,15,15
210,168,15,15
222,17,16,16
222,164,16,16
223,17,16,16
223,164,16,16
236,23,13,13
236,19,13,15
236,20,15,16
236,24,15,15
236,22,16,16
236,42,16,16
236,183,15,15
241,161,15,15
241,83,16,16
241,162,15,17
241,20,16,17
241,163,16,16
241,49,17,17
251,232,25,30
252,231,2,2
245,215,22,22
246,215,22,24
247,215,22,26
294,28,35,35
294,112,35,35
318,28,35,35
318,112,35,35
319,28,35,35
319,112,35,35
213,110,16,16
